-- phpMyAdmin SQL Dump
-- version 5.2.1
-- https://www.phpmyadmin.net/
--
-- Host: localhost
-- Generation Time: Dec 03, 2024 at 06:16 AM
-- Server version: 10.4.32-MariaDB
-- PHP Version: 8.2.12

SET SQL_MODE = "NO_AUTO_VALUE_ON_ZERO";
START TRANSACTION;
SET time_zone = "+00:00";


/*!40101 SET @OLD_CHARACTER_SET_CLIENT=@@CHARACTER_SET_CLIENT */;
/*!40101 SET @OLD_CHARACTER_SET_RESULTS=@@CHARACTER_SET_RESULTS */;
/*!40101 SET @OLD_COLLATION_CONNECTION=@@COLLATION_CONNECTION */;
/*!40101 SET NAMES utf8mb4 */;

--
-- Database: `datasiswa`
--

-- --------------------------------------------------------

--
-- Table structure for table `cabeka`
--

CREATE TABLE `cabeka` (
  `nis` varchar(5) NOT NULL,
  `tgl` date NOT NULL,
  `permasalahan` varchar(50) NOT NULL,
  `solusi` varchar(50) NOT NULL,
  `kehadiran` enum('Sakit','Izin','Alpha','Hadir') NOT NULL,
  `petugasBK` varchar(5) NOT NULL
) ENGINE=InnoDB DEFAULT CHARSET=utf8mb4 COLLATE=utf8mb4_general_ci;

--
-- Dumping data for table `cabeka`
--

INSERT INTO `cabeka` (`nis`, `tgl`, `permasalahan`, `solusi`, `kehadiran`, `petugasBK`) VALUES
('00001', '2024-12-01', 'dia halim', 'karena habis di ruqiah', 'Hadir', '00002'),
('00001', '2024-12-02', 'asd', 'asdsadasd', 'Sakit', '00004'),
('00002', '2024-11-01', 'abc', 'karena habis di ruqiah', 'Izin', '00004'),
('00002', '2024-12-01', 'apa aja', 'sudah kelar', 'Hadir', '00005');

-- --------------------------------------------------------

--
-- Stand-in structure for view `cabekaView`
-- (See below for the actual view)
--
CREATE TABLE `cabekaView` (
`nis` varchar(5)
,`tgl` date
,`permasalahan` varchar(50)
,`solusi` varchar(50)
,`kehadiran` enum('Sakit','Izin','Alpha','Hadir')
,`petugasBK` varchar(5)
,`namaSiswa` varchar(60)
,`namaGuru` varchar(70)
);

-- --------------------------------------------------------

--
-- Table structure for table `guru`
--

CREATE TABLE `guru` (
  `nik` varchar(25) NOT NULL,
  `nama` varchar(70) NOT NULL,
  `jenkel` enum('L','P') DEFAULT 'L',
  `tmpLahir` varchar(50) DEFAULT NULL,
  `tglLahir` date DEFAULT NULL,
  `alamat` varchar(255) DEFAULT NULL,
  `telpon` varchar(25) DEFAULT NULL,
  `user` varchar(5) DEFAULT NULL,
  `waktu` timestamp NOT NULL DEFAULT current_timestamp()
) ENGINE=InnoDB DEFAULT CHARSET=utf8mb4 COLLATE=utf8mb4_general_ci;

--
-- Dumping data for table `guru`
--

INSERT INTO `guru` (`nik`, `nama`, `jenkel`, `tmpLahir`, `tglLahir`, `alamat`, `telpon`, `user`, `waktu`) VALUES
('00001', 'Bunga', 'P', 'Yogyakarta', '2000-09-01', 'Kramat Jati', NULL, NULL, '2024-09-20 01:04:35'),
('00002', 'Serge', 'P', 'Jakarta', '2007-09-07', 'Kalimantan', '0828374924', NULL, '2024-09-20 00:28:54'),
('00003', 'Ari', 'L', 'Bandung', '2005-09-14', 'Cibubur', NULL, NULL, '2024-09-20 01:04:35'),
('00004', 'Zaky Mubarok', 'L', 'Ciracas', '2017-09-29', 'Makmur', '0868586556', 'Barok', '2024-09-20 00:28:54'),
('00005', 'sadsad', 'L', 'adsasd', '2024-10-05', 'sadsad', 'adsasd', 'ddddd', '2024-10-25 00:51:33');

-- --------------------------------------------------------

--
-- Table structure for table `jurusan`
--

CREATE TABLE `jurusan` (
  `kdJurusan` varchar(2) NOT NULL,
  `nmJurusan` varchar(50) NOT NULL,
  `kdKajur` varchar(20) NOT NULL
) ENGINE=InnoDB DEFAULT CHARSET=utf8mb4 COLLATE=utf8mb4_general_ci;

-- --------------------------------------------------------

--
-- Table structure for table `matapelajaran`
--

CREATE TABLE `matapelajaran` (
  `kode` varchar(4) NOT NULL,
  `mapel` varchar(40) NOT NULL,
  `Kelompok` enum('Muatan Nasional','Muatan Lokal','Produktif','') NOT NULL,
  `JmlJam` int(1) NOT NULL
) ENGINE=InnoDB DEFAULT CHARSET=utf8mb4 COLLATE=utf8mb4_general_ci;

--
-- Dumping data for table `matapelajaran`
--

INSERT INTO `matapelajaran` (`kode`, `mapel`, `Kelompok`, `JmlJam`) VALUES
('BIND', 'Bahasa Indonesia', 'Muatan Nasional', 0),
('BING', 'Bahasa Inggris', 'Muatan Nasional', 0),
('MTK', 'Matematika', 'Muatan Nasional', 0),
('PAI', 'Pendidikan Agama Islam', 'Muatan Nasional', 0),
('PAK', 'Pendidikan Agama Kristen', 'Muatan Nasional', 0),
('PJOK', 'Olahraga', 'Muatan Nasional', 0),
('PP', 'Pendidikan Pancasila', 'Muatan Nasional', 0);

-- --------------------------------------------------------

--
-- Table structure for table `nilai`
--

CREATE TABLE `nilai` (
  `nis` varchar(5) NOT NULL,
  `semester` varchar(1) NOT NULL,
  `kodemapel` varchar(4) NOT NULL,
  `kodeGuru` varchar(5) NOT NULL,
  `nilai` decimal(6,2) DEFAULT NULL
) ENGINE=InnoDB DEFAULT CHARSET=utf8mb4 COLLATE=utf8mb4_general_ci;

--
-- Dumping data for table `nilai`
--

INSERT INTO `nilai` (`nis`, `semester`, `kodemapel`, `kodeGuru`, `nilai`) VALUES
('00001', '1', 'BIND', '00001', 90.00),
('00001', '1', 'BING', '00004', 10.00),
('00001', '1', 'MTK', '00002', 95.00),
('00001', '1', 'PJOK', '00005', 0.00),
('00001', '2', 'BING', '00003', 87.00),
('00001', '2', 'PJOK', '00004', 83.00),
('00002', '1', 'MTK', '00002', 84.00),
('00003', '1', 'MTK', '00002', 90.00),
('00004', '2', 'BIND', '00002', 97.00),
('00004', '2', 'PAI', '00003', 97.00),
('00004', '3', 'PAK', '00001', 10.00);

-- --------------------------------------------------------

--
-- Stand-in structure for view `nilaidanmapel`
-- (See below for the actual view)
--
CREATE TABLE `nilaidanmapel` (
`nis` varchar(5)
,`semester` varchar(1)
,`kodemapel` varchar(4)
,`nilai` decimal(6,2)
);

-- --------------------------------------------------------

--
-- Stand-in structure for view `nilaiview`
-- (See below for the actual view)
--
CREATE TABLE `nilaiview` (
`nis` varchar(5)
,`nama` varchar(60)
,`semester` varchar(1)
,`nilai` decimal(6,2)
,`kodemapel` varchar(4)
,`mapel` varchar(40)
,`kodeGuru` varchar(5)
,`Pengampu` varchar(70)
);

-- --------------------------------------------------------

--
-- Table structure for table `siswa`
--

CREATE TABLE `siswa` (
  `nis` varchar(5) NOT NULL,
  `nama` varchar(60) NOT NULL,
  `jenkel` enum('L','P') DEFAULT 'L',
  `tmplahir` varchar(40) DEFAULT NULL,
  `tgllahir` date DEFAULT NULL,
  `alamat` text DEFAULT NULL,
  `telp` varchar(25) DEFAULT NULL,
  `ayah` varchar(60) DEFAULT NULL,
  `ibu` varchar(60) DEFAULT NULL,
  `user` varchar(5) DEFAULT NULL,
  `waktu` timestamp NOT NULL DEFAULT current_timestamp(),
  `foto` longblob DEFAULT NULL
) ENGINE=InnoDB DEFAULT CHARSET=utf8mb4 COLLATE=utf8mb4_general_ci;

--
-- Dumping data for table `siswa`
--

INSERT INTO `siswa` (`nis`, `nama`, `jenkel`, `tmplahir`, `tgllahir`, `alamat`, `telp`, `ayah`, `ibu`, `user`, `waktu`, `foto`) VALUES
('00001', 'Serge', 'L', 'Cianjur', '2008-01-05', 'Jl. Pendidikan', '085217035772', 'tes', 'tes', 'GeZa', '2024-08-09 01:19:32', 0x89504e470d0a1a0a0000000d49484452000000e1000000e10803000000096d22480000006c504c5445ffffff08a4f1009ff000a2f1009df000a0f0f2fafefcffff00a5f1f8fdffecf7fe9bd3f8c0e3faf0f9fed1ebfc86caf771c2f555b8f4a7d8f98ccdf760bcf4e5f4fde7f5fddbeffcc6e6fbe2f0fd1aa9f2b8dffa30adf29ed4f8b0dcf9cfe7fb7cc6f643b3f36cc0f538b0f3d147779700000e7e49444154789cd55de962aa4a0c2e03a3b8540569f5225ad0f77fc70bae9885c549d0f3fd3b3dad632699ec93f9fad2c678b499c7b3657e8c4e5996865e98a6e9294a56cbd96ebb198dd5d7d7c478b35b2759688cb1d6fabe5787ef973f2bff27cc92f561f3ee6ffa0a7e0e791694143cd345c12f7fcb9cf2c3cfbbbf720ffcc48957f2ad95b63a4a7e7ad1fe5f60e664be4a03dbce39929b360857f3c9bb4968c2e890d89ebcc3bcb4d1e1fbdd84d018efa22ec7ae032b8d290e9fc7c9c5ca8a9077273259bc9ba43ac671e6289c149159fc29c67293977a5003d62c7fdf4d5c894524cebe3a8dc9bb0dc8a208e44e1f053f28de79201785a0766169346fa3711329f3ef4e6310bd435647ab81e83bd36856a3a109dcdb7efaa50a25aa58e282ea1ffdf6c7dad9a0f46dd3aef6a1a4cc0436cda27cbd8f0fbbf9f66f3b9fefca78711565a1ad68ed4aa349873b8ee363d06ddf4d608a3cdefe321256c6c6bbd9aa0ab2ba9119ac062270ee77f842b68af976dd62be4d194b76a2d27a7365da2a4c925606965e65b69cf70b1026db3c35ed673338aa7b725baf65af4bf2a2c3f4a5cffe898bd6e8c486caa771d9c2405b92e7a2d747bb32c26c61e3528c1a8c69d6c8403fc862f7e075126741e332e6f49a8874c0bcf19c587b9412a0c5b151eff85649e1ac9b24d4783349af63340b9b8435580bae75c3386a58d284b1f882bbac69c1485ca74e535e6eacbf57d1e1bb06cfc966c2e9aa057f04353dc6034fa3ef8bc61b737ea12057f5fa67bcce315bb9656256c704917626e59b77828383d422336e0d1b0ee1272e589513ec655660ad84aa77d1ed1b88a88035b38376c0786dc3b151c23072fb3718035bbe863389cc19f4bda1f35f8b9056aaae82ca6851530c9e182a03535a52ddd4cd812650c52d6cc78c21d1c1639c331c1cc2465058f8a46715bc6cfa17e49ed9f47de5122640352f3a7053f2d36cf1cee2e5b8a0f5cd4b6a619c51226112e92fdd13474ab0fcec958f8aa8dd32b9f017ee8f2545a27d61e34957e64d4af419a4f137bdcd22a94665dc4067905e485f854a6a990f219021d1ef17f4535ae66308a449f48b3e9f409d66f30967f0064a4bf4f9825b628bccb0b1441b281e047f5dff7a4248f92bea581509a529ba3a23c41fdb5e423e0808efc61ebbfd2995584b3fafcf6c921272dac9648c09356a3eb1bdf587f249bafce10a733f7857b8d40cc22b311d0ae17fc49f7d929da883b019417b2085a5bb9f291d14053e51ad51c69e10eee173325d31c25fd6b4e434be8943d8d98ef6fb7253898d237c13dbfcb958cd58055f66ba8f426b6d18cd9c13224bfc85f3a6dfdfe02d79297a6ec468756be6f76d90b8d6e4b1de68346d113ab91d74534fec9e1abdac712c202d1053fc060713ffb6bc8ca208ddb53c80e5b4812b27c4c2d46d750c2205e11ab52039e5cddb16598ad773ad0ce8e4889bcb843fd370459513fc4df19089f279ab4d776b7448e0a7fa11fd8bf8141ae9eb396b3a9f6bdddcc229963dfa242245eab83006c342cf0bdd3e17291b9a891becaf4907856c4b87635bc504ed1c6913913bd3e6e1f50756ecb7a51ca50579d39688a226e8143a8a0e01ec505cd164a43b017d6280e56fa6cf42c2c3bae1e4f8c9316222fef6687579167e852c85ce9e05fa68e44fa36aa8020b1579889988ac3e0e9b5cd724a0770ef14984ba660c0954693854d3a55f841eb1cfffbf4327552375c1db43f7ee1c949d30bba7ff87f243d913778c19024542982320f1d9af19c1cd950f7ccf60fcd2fe055c02c8ad3675313c400ae5731767304c94314c19a4b09e3d80f187156adc44a0ea765e20d32307754d5d414fd02955bbb341546f5dbab6ea4041947d786e50c77111a404709e46cc2ec10c78ad3b0d9a7bd7fc572340ae4df0fe0bd4263583009d3aa39ac79f26f57ca9601a015984bb11fa0182a329a4674c674568031b1633d9f30ead7a708b836320a45653486f984ce4cbca88909b0e83b6424f932a035685eff60248af96b91f00303cbbba1290728d6ad340c8a151b81c44a86425ef130d0c68d8aff10524dc7e5e674957407b71154798ccffdcb27d3b685a8035fc878f217110ab1fc25c37888dff2d409d728e73610223d0bd6c30f9fefdd92c167fdbf9ee10ef67ebf552d2bf40ecaabc5ed87663a456dbc6f1be24205f25491415a72c4d3ddf0425ea435c8cedd2c6d41df0c855810bf068e4fa83823301e7b197f45d97eb8e8a1a27a06afcaa5b1104ff628a0657946958d17be03010cc70bbac98dbcd2647c12ecbd699f760d5708c8ca498d0a09a390de1681b7a357684b58f5060814bcf0c85b2d13674b24bcf141d17219f0d65d16948373e12227900822bd5410353d00cc4f3962080b23b986514db537b377bcdc366a4fbaba169d84395e7776c776fc5cf7f576cd75e8335146fba02b91abbfecac14f14fcee09af56e5970306d1e6d0a551a91bc264de03026535803592c9026caa42711b174dee906f1680d58b082eae133b1d99932876ea1f8019c50251a872b582a350613f61847882f6c3a8f4ad73aa86e8eb7105f434b26128644ca2c64d0ee898a6b02aa34221d1147886865a835e680a13de2a14c290e6be98c285b13fb89b83f090eb14d2281f400a43740e1512dea8887e8578876e057c0e21850ad6826b1492776888c530850a169fb8d17881fc52d85aa4d05469a8374e93aaf45d419fe6f4558065e53d6f2ee9a6e33e61bf14c616f2a79f13529d1a178c2d92af15a030975e926bd753ea8700b5197f85627cf1c9029c902af543c0187f89066839f7234370421ae8f443c03ccd4c2dd77607672ac4b7f202e0a3d91dee6913ee876285546716cc0876ce6c71ce5bd81be684f4d509642d4039efcdd7b77227064d9fc269b80075638c70ed49d6a9618534175de60ee8d28463ac7c649786ad035aa2c2ad5705686a35e03368fa9caf8db28035e0cabcc3fe79b13a7e051471d757d600c83d9fafaaa0060d4965ca0aa952832752a55530a8da4fc3dd5613bf617c058c0e2f3649b1278a9e0faa381086ec8942450541778a1352b541f530f57ca1057a1d82711b2ba44a73a7506f627efe31349272a68a1352b52e64e85f5c151a54357207916ba9795e2149c46c235cf0262b6a3bcc0a693d8db80d6c2ae585337dde28252dd552c30ae9d3f5ceea5b095d3afee57af56159412abfc009e9535df4d21a691209f5c6deb780b393a47244dcd5edba4f712bf15b89688abd33a374ef8915d2fac7df86fe486431d1bda7479780cedd35eed988ba4373cf838502fab4e1ee9acefd43ae01a31663dfcf87c864c686fb8723748754c031fe661f16793834b7932ab2a54d7748f1657501bf916d4e7ce894fb7c7511fb84ee01d7b74de32e37eb75df75ca7d96858c3984aafb499bc0849bc4f56aee18de1d9abbae9589a59aefe3233175cf324cd80edaeb2f7c3f1613f1a1e02d4a40021253e793c17598dc167e3cbd10882415909e01b90ab4e3ce16982dde5f94d8f8743ba65d0738b700595f032c2cea3cf31d5784159ffbd69db5caf8f1d88850f21b0d6f813574f11943d00bbeef5cb5f2f6d1362c14eea3194378760972931df796a3b0dcdc59edb1489943d8654e14fe468ece29d25d0f2ed65ec4951a338d5623ca2f58bbbb31b1d3b527b1475d100b0d116f221fc4ed2476b93323f62c0f1ed79613bf8587b8bb4534fce8327102f1630eb4fe426340dd6c62ebdd35b98795f0ec4bfaa389f9a52e8e0d7f05e102b9e7057fd14adc982b34c3dd6d066df3cd27a9c9425f44fb2a1b6ee2629fd31c616224fc63ef04df4fec3147587a163416fbfbce25823d2dc852344463c4497452360b9f7eea2e932ce213f3bc1be4033764bbb98ddf914167c4a4a2f55f3c28bf31b6257edd319fb188820791be3536116ec2e839579fe860727ee7e9fb703c552f21582f8dd673e99e529c0d6a693d466963a18978dfd3e954a361b6fffb16e46ba69f3baf06f6e9795dbc692cd7567bb8d9eb78e59d19ca88890cdfd4c06b6f05516f92a95cfd70071182761a9442dde1b19f38c1ede537bba8fc839f2a35da396042740974f5a38957643f50db9c886fd9f5160e7e6aa0a3800f09a7f70fc9b7523eecf1b59c7ac3b28742a42a631ff4d0aafb3ba4cc5bb25ae393fbc3fd2dd9afdf7ff03de09e41f5ee9f7bd3b9f70566f2816fb9fc980396e4bbdc2f1c21f225fa0f785b9dd2a2af6505272975c75c2e8dfb22128ac0173311e4ebe39e3dbd335c9c109e4c8517537774639a4ddff774ee4f4a27ef5eee4f25df81d3baa2dc014cc5ce256fbda7490cdee3c131ad806ef501e2b9c233178be1df971d151a04b2fbe67b3a2fccf2d83233d1dcbd10868b431bff9cfb1a02078623d1a6c3656f16b40e95d208a41b38281b39068a39ca31b7800d87b01bf3902bb5ca55590f7c2130d29d1c5d1af9885f5cb088b5600bd67e906b1a8ec93260c74a5a513db0e1e7571a5f2f6adc7bfcd67ac2cee328e33b80aca793dfd8fb0d6b66f2a243862d373e86e2a389c671d8b4a04a10c75a8df392de4c72537f97b6a96b4c2b9d32b70dc3643d6b575297ece651e3685edfaabd31323d35b6e3d9e014bb3372ba4e517bc3b3b89c34eb446416a84ea4499c4af5a35dd13c59593f74dbf2fafb02dfd8e8f0da267f1f22d3ccbe4a6fabbf823339b6b0b122d264eb453f564eb6cbac95bc9281ab21b244f336369ef7daf8d17adbed82d8e69067b64d380762e015ab4e13e54b56067e91c75bb6cf6432ddc6cba26da8f9e3f3f281e82bb169f070c0d7b2d6182f2d8eebd9feb0fb2bb19dcf77f17eb64c8ad4ab9e296995cc2b4ca6337789436c3bed7b9dd08ad6fbf32ba6336517587f88e7ee9e30cabbc99608ac59be230ffd9bf0918d28fce0a81d8572d8e0e64a05fa4c34ec017cc62252e6a31fbc95be0a9b662fd90da513f86efa2afcac021d1aadc9df57047ac6689f8933d23759fc516d9f8b952fa8754a7728f9c06ec15d7b64d08d3c6ba2c347b1ef81d121e9e44137a0fcfb22fec44ec83b26f3551af4f4c81ecc0bc2d57cf8ba5d7ffcc489d7315ea8f1ce78d1fe134c4357fc94315ff5e2533b37fdca213fe5874f310c7d30deecd649165e9e72044f20fabe3dc71a5e1a2d0fff12eb088c479b793c5be6c7e8946569e885699a9ea264b59cedb69b6f7d9df93f729aaf08d30ba8e80000000049454e44ae426082),
('00002', 'Rifqi', 'L', 'Jakarta', '2000-05-01', 'Pekayon', '0895383307648', NULL, NULL, 'Rif11', '2024-08-09 01:21:17', NULL);
INSERT INTO `siswa` (`nis`, `nama`, `jenkel`, `tmplahir`, `tgllahir`, `alamat`, `telp`, `ayah`, `ibu`, `user`, `waktu`, `foto`) VALUES
('00003', 'Zaky', 'L', 'Jakarta', '2008-09-20', 'Ciracas', '08423894239', 'ds', 'sd', 'sd', '2024-09-13 02:12:25', 0xffd8ffe000104a46494600010101004800480000ffe202b04943435f50524f46494c45000101000002a06c636d73043000006d6e74725247422058595a2007e8000a0014000e00340003616373704150504c0000000000000000000000000000000000000000000000000000f6d6000100000000d32d6c636d7300000000000000000000000000000000000000000000000000000000000000000000000000000000000000000000000d64657363000001200000004063707274000001600000003677747074000001980000001463686164000001ac0000002c7258595a000001d8000000146258595a000001ec000000146758595a00000200000000147254524300000214000000206754524300000214000000206254524300000214000000206368726d0000023400000024646d6e640000025800000024646d64640000027c000000246d6c756300000000000000010000000c656e5553000000240000001c00470049004d00500020006200750069006c0074002d0069006e002000730052004700426d6c756300000000000000010000000c656e55530000001a0000001c005000750062006c0069006300200044006f006d00610069006e000058595a20000000000000f6d6000100000000d32d736633320000000000010c42000005defffff325000007930000fd90fffffba1fffffda2000003dc0000c06e58595a200000000000006fa0000038f50000039058595a20000000000000249f00000f840000b6c458595a2000000000000062970000b787000018d9706172610000000000030000000266660000f2a700000d59000013d000000a5b6368726d00000000000300000000a3d70000547c00004ccd0000999a0000266700000f5c6d6c756300000000000000010000000c656e5553000000080000001c00470049004d00506d6c756300000000000000010000000c656e5553000000080000001c0073005200470042ffdb0043000302020302020303030304030304050805050404050a070706080c0a0c0c0b0a0b0b0d0e12100d0e110e0b0b1016101113141515150c0f171816141812141514ffdb00430103040405040509050509140d0b0d1414141414141414141414141414141414141414141414141414141414141414141414141414141414141414141414141414ffc20011080190019003011100021101031101ffc4001c0000020203010100000000000000000000000102030605070408ffc4001a010101010101010100000000000000000000010203040506ffda000c03010002100310000001fa2b0006010a98c403010000c00000000006020000000000100c40021800008638548630001000c000430188006002000000000010c42000080740000080603100c00000043180200a0080000000000403854a1d310a01d218080600003000000018200034141028828002000001000820a60201880006310c00000000682031da20000029441412820000002203085400012108063100c000060080d0a63180000510800425212802000100c4200001808063100c0006008c2c90c0000c7f3d301e7e9a6eba976f1ed9ce225210842520012a0000108602018c4218c0000060c8ad1d480075aaceb99f2f4e8bcfe8dbf2bd0a72d75bcd75e8d67a2741efe2e99d3cbe9911114a11104a8150000800000062010120180322cac06319e75e7b8eb84f1ede9e3d7a0f3c6fd0954047362619bdf3def4f4f1eabd7cf9f5e2e2229622104a84a0008403828180008063463b18c0170cceb9cf3efe6f3f5cef9330cc050290a00a818c67d184e7d989bb69baf3f67a3cdd07d5e2ea1d7c792de7188ca0844651500084004800000068d192a0c7f3ae65cfbea38ef2de7acf39ad8052a8504a592ad1ceb82e7d986e3d7e15446c10943d9e9f1af5f972cebc3aaefcb936b8a6944622a28201008900000c11a33cb2f32cf5c479f4dcf0e9d139b658a0c050a080f2dd6179f560d3d7a2cf504201a64b7965f7cd94de3ead6211a76f00df7c7bd7cb3ff4793aa74f1ec248119a040000000030468cc32eb8e73edd83c9bc83968584a66b8612044c6a7a7079eac4f3e9a888808c6e1cf33df9f30d79bd6cc48cb121119a59b0974bdb1cebea70c9fd3e2edd8cc6552a0000000018d96497e5fedcfe84f17a763cedbbc572f93cde8a39ec1cbaecef09cfab08cfb35ed1422231ecb8cc6f0cc75e7dbde51232c212a82545971b5f4f0a75741cfd98b797dbc33f45f9dfb4e72b3252a54201800012468eb18ae5933d97e6fbe8e7b22fe9cfd9df959d31a6f37ab9978febe1d9f4f92c56204b632a70cc7a79322df17109632c622a4a45973b2f479ede99d1e3d586797e869f977ad569877d1f95d67ea7c6eb3cac0258aa018000d1a4a99f3b75e7dafe7fad793d30cea56489cccf53109ebc3f9fafd133a9bac6676ddb9e5dbf2e65af3fa598ac6239d2852a866c3b71d87a38e9f1e8c47cbf4343c7d14d54b595ac6d5ac615fa5fc9fd7bc751821348000009234956bebe7973ef1f2fe9f9f8f45122564ecb759e7b3d781cf64acc93973e81d7c395fd2f9fe4e3d35be5f4d58dc33a52acd0f674e5b4f4f0f1378c79bdb8af9fdb44b0b2baae6ab5ad6042d4b80fdaf83f4a7abe766dcea952a00000248d255c3bae77ff003bd59578bd9180648764eb5f9de22ef8874edb3ccebb3e7d9acfb3b70f5fa395337acf2fa3cbc7a6dbd3e796e68397af13f1fb75f8eb52d5656b0b2b6ab962b5ad76c162b476e1affd1fe53ea9f3ee30a5150000c6824adf92dafa1fe2fd332009216b49132cb29d4f0e77b5d739eb3249459acfbfd7c799f4ebb8f0fa31df1fba86a896a2a5ad60416bb60b05ad6b58b5582e01f77f3bf5cf5f0eeb2528a8000634120bf1f73eff00417caf7ed720010019327732a11d4ac95922d4e67eee7c0bb67ea3f9bedc77c9eaa66aa6aa2a5ad6056d42d8ac484d456b5b72f276f2736fb7f0beb3f47972de3b8ca2a000180d9662ed71975c778f5c97cfdba4f97aed30410874d2552b248ea434f6f5c7c93f479e0febf2fd55f07ed79bcbd289badaa56b58105ada88952cb3ab26715fa1f2745f4fe5e61db8766c6b38bbab084a2a000180d18c0a359f86e7b775f3feb6439e59f639e77cb1766aa70534649192319edaf97bea7386b8e7df3fd7d8fc7d745c7b41aa56b54b188dd12df99a6f4f8f0efa3f3f15fa3e3d6fa7e7fdd7e4f66db96d91912a50400030024cb1d51acfc4f8f6e75f17f4be76b5dd38f8ba72caa79f3fe7cf2ee7cdd2018e3dcc7ce1f46eab97d1e897c3c83dde6fa03e2fd1d6f1e916aa58b44b7e5e3e9c713fa3f370ff006f9fc1d72f3d133e1fa1f27ee7f1fab6bcb714429528000300024cb255e4e99f95b974ecbf0bef630ef8cbd1e3bba34d6ef0f7c72c9e4e87cf9ef3392231e5ef8f9a3dbdba8783d3d07a793e6afa3cb31f17a7a27877acc7722e9719f6f870cfa3e0c73d5ceee7d9419d6cf87ab79e7f5e8bea7e7febebcb738a8412c5400000018d25633c9a9f2e66f7cf83f66caab1ac76f6c56fa71ed7a3cebe6d73d5f5e3b5bc737e7c7389c786fb94f8feaf6fc7ce671befd309f7797b3fcaf75dcb1877b7c7827bb855ad39627b7977db79fd5b5f37aecc69e9887d9fce7d7dd3c7bbc58804a95000860301a4ac679759f96f3bef1f0bec4878a68ca26b1b77c577df497ad36f92cd7ef9fa33d328e39ecfbf8fa0d76c0b8fbf97fd5f06b77c6ce9caccea32d99dedf87ab6de6f57a33aaed8c4a1eae29f5bf3bf5df6f1ef3040109a402180c0068d255e6b3e55cefbc7c2fb22395d9651006a6bb1d719be8c635df5d7665d267872cdf9343beb81f9be862becf362decf24358f771edb7f37af67c3d312bde6365644966cb6c57eafe7febfede2dd732a212a5004318000d1a4abcf5f28f3ebdd7e27d77283b99d3cd48fa64c69cd2358dea275ca6f96fde749bde01c3e87974d07a38ec797a2de7d2bd62090d2bb1595d46594a6f38b7d4fcf7d83dbc9bbc1400b15000062180d1d923cd67ca1cbb772f87f65ab656a4d4cd2c7ac4a69ca0a9c8165ce8faf4c038fba8d22b0a8cb55912bda3112bd14ae57ac62df57f3df6076f1ef39d544254a0000000c68ec91e5b3e4ee7dbb77c1fb7257725962992b25bc90f3b2e4b094ceadd4d177603c7dd45915850b0b20b0a8d40a2bc5d7878fa79f73c7d58efd3f83f6175f26e7150426900000000c68d255e3b3e4ae5dbb67c2fbb3047659466892de5c18dcb787466aceacad0fa3381f2f6d5641636890aaed455d263be8f0d973aff4f9173eb92f8fe8e87ea7c1fb0f7e5dce2c6013480000000634681e4d3e48e5dfb4fc1fbb2b1c3d4986444ba65c19d4f59952cd8cb61a6f4e704e7eca6cae6a34546cad5553d338f7a3c3e993c1db8426b24f27d1d0fd6fcf7d87af36df9e94206900000000c682079ebe349d7ba7e7fefdca4164ac32257bcc90c6acd45619a9a9aea7d3cf05c7ae9aa5623d2310b63657bce3be8f07bf3357df844ca7c3f531efb9f94fb3f37d5cf49540a800000060034119c6ba678f696f93d99cfcff00a194f97d96a28506b328336cd652c614d586afd58c133ebaaca25540aa16c621bce8fd3f3bd933a2f4f93c9e8f16dbaf93bcd76be3eaa308aa94000000000182342884b8d6a720e9cf9c67a6fbc3eecf3c1efda79fd0b52790d58cd751949a99aaf4e3059eaaee6ab62a052459dc75cf16fa7f03c3ecf99d3ae3b172ebd031d66248ca84a00000000000c6858c6205849816a71de98c37976cdbc1f4b37f9df43d18e9362ad5866913b74de8ce12f457b909623891e3ede4c6fe87c7dc7bbe4f62c75eb9c7b7be52510404a280210c00000006342c90c000425f0e5c9ba6790f4c5be1f767df3be96fbcdeb82a59a69fb4c275e886a47355ce97d9f2f53f4be2f4aebe6ed9c3d199e74a50109440152800210c00000006342c603180000825c46ce2dd79f3dcf5cafe7fd0ce7e5fd6f5e37a7ef9c3b5e8d7f7f2635f43e36e7dbf27b2e3a75ee5d7db28004450501094500400201c140000c19614c6300000001144bcc7ae38d74e7a9f17bf6fc7b625eef0749ebe6edbcbb6619e8c24000008c2a02540a08000421c3a0000608230a60048000006828068ecc5b78ceb1d3d610080000044402134800000040030000018023042826000030000240440000040000402054a800043010863000000180325301920001800c63408a8200100008222025141001118c4218c040300180d9000063a21d03019204040a1114021d4600109450040020010c06002180c00682301959e5293cc952531e7b2ab236544464d6d8bd6f96db7d11ea5f4d5e28425140100008403180000000c0608269935b979aaab294a4a8aaca6caaca9214ac9c5b2d8b6cb767572de5d9b7afa4da1b5d12b1282000108009008060000301a166a64f04b425494d505565495156a5690b11396e2e96d96e96f96d2e5b8f5afb8f7e840a81500806210120010c04030180d002b2a294a22a2b4aea08a58d887172cc916ada5a5eb6d4c15200a80042018c42180c040218c000060340015a31000e81c2012a10c1012a0000100c505002024218840030018000c006800d0a148760102a010941a25400000021880400030188400003180000c0001018214c05028082a05040003010000850c2882bfffc4003310000006020003050803000203000000000401000305021106100720214014343512133015313322235024322570164180ffda0008010100010502ff00e17c7f183b608f8e319cc36e860b990cd9c8f9507294c2c7f143a54246d643988d50ec5b16c2403440ec9848e0c04a4a040caa17a138c9b7b0ceebd68ee610210838a64636b1fc23e21a0adc86f80032b4ece4f985d1aeeda3e08146755aa57290d3a3a413da4cac538179852714e456f117268b162c77ff00a148edf1b1c9edce4e59c6f509193b80d4e3c022ec2ebb5eadd456ce0c321bb48b129f7ee24ae05ab206324220c0f319d6ce37638e95ef921b0008b437987772df2a9dd80c0694042a69aa314ebc21b32100217b6bb742063c2edd3eefdea2d3460b5eef64d70e37994e28ed8e3a53bb0916c836a4b982198577762d8ca3b4465a4123c2812f802053212a336d6a885cd0c1bd4553b185d7460841b570cd2603b414b2b28647051c87e90d38aa2b63d64e2b990cbc81c88591a771da760aebd1f0f1523b83a075b0717f04ccaa42f6206190cd9850857bd9cb748588163103d569541c1b010b2b2b2b3d06846b8c4b29cd106c306e5f6d8f49dfe3912d8debed5b8040cdc686a8ac2fd2eab06566ed5e815221c110bdb0d0a1cf8cb70cf10c0de1760baadec83440409c72b3d3466eea6e2ccd3a2e3e3d09daec69f92102932f5b57d95b72af37f1b669628485e5bc37b2ddcd67851db515452c36e2927a91ac8dd85f7d3866667d0db5676c1b5a12ea0b001032222a965656567a2b53b9b71d7b270c10142768a54854a89168ecb2b2b6705efc1f2e663e6309f1b7d197989e0811b8c0363595959e3b3ba740d41ad99146041c85408c0ebe860e2050e417542ad980ad05ae5656567a08b26d8075c4610385abfb0860e42a6850a4764668cd19acacab91394d4a40f5cd9be2c88da4681d102b929376bacacf123446b6c73f3354b9d4c1493f57080b025ef76d3c4e05bd55bb3a9b0ae3aab1f46c9d96060d0ad8443a9c76eed96519aca33e39595b3045a6cc7ce607e2733a63dd86d5407cae0b3d19594468647871e84eb3624f077035e15bf7922895445eabdf36e95c0d2e9c06eb6aad5ee6d4619abbe080a13b1dcd0816e89333467c0cf81f1335959594259a8b0dcbb95b45ce7c3ce152ff00f956e39e19e1959595959594f3757aa1a3c3847165678158eabc59301f57dead3c3a4450837ccd19a33468d1f13e27d19536d5828b85912968af84e53de371222dab4f81940b235ebca235959e19595955ed3e634bf838cd505185971ce78c04668cf81f03e07d740ee3a84be10114bcb948ad4a3ce375df8735ad819da0fe5a0a0f6394d835c303cc265c30328124abd39595959e19594d5c996f6e91b48ca53da6efad0dac886be6b6468cd19f5d68764e3740f517b40308aae4f6cc719cac12f285d3e2e12c8fe2892230d141682debc59b3607b3ca47201bb02109979b134e9cacaca25b94a7caa2899b3a5e1af45a8c8583392b5237b28d1f4e1107b604cd4781213b40c109c3bbf7114f66f19f947f0cfc611e5b5c23b0cb551d13805b715033e09c09b90e0a60b6a8f188ac56af485afb57dc648e565e81fda5b7c41311ac3e6006463bf308cca3e8a317710916080213b62143448e3f648b889ff717e9bdc05f94e5d53da94110e184211ae3b44f0470399d559b232723dbb20ef0d8c307bbb8d9829a0521d13b2050b0c0286f5f5801e264362a95ae3431877f5596f0ae4831e1c422a9d8eec933413b2030a86ce8d1e899a92fa702a9dcda8d76e988e61b3d871efa18f313dc06794e5cfa970bd4ae426083bc84c088655d93a19d138c51c4e46510499948c205ba0775352207d8dbb62f9f0c619f74deba17c300d90ff74f06c9d1d30822366024803142c08042f6dbe043cf0cb9548b8b609d75351b4254a55b2446a7beec2fa3f7017e57977ea395959e049d61b7c846becb8844388611d308ea9c0f4715a2dbb2600341ce2c0f8c1545b3f63aeb64f36f33ec198725568abc5b6aee9b51963540edb28cfb32b2b3c273eec1fa377013e5b9787ff239595959446b288d1a1205812846be49f8f7c3af657b2a0437b80b43fcb683fdb952cc7e465c1b02eb89a8f6e8abf8f03fa9f4654dfdd84f46ee023cbf2f7d4f2b2b2b288d656565678bf1cc0855816c9c2ec543fcf693fda669da93b4ac5965b61b691f47fecd1f44dfde83f46ee027cbe83d9279595959446b2b2b2b2b2b2b2b2b2a87f96d47fb6c6b2b2b28d1f13faf4129bfbd07e8ddc05796d14ffe4f2b2bda5944b2b3c72b3c72a87f96d67fbccfe01a33c1158ae4d0d6de7c78ebb2e06b9bacce7dc85f47ee033ca68fea79595959446b2b2b2b2b288fb33c32aa7dbb5fdf3fa1f41f13facc19fba01e931c581723da2c17969cfbb0de93dc06793d1fd4b2b2b2b288d6567b7da466b288fb32b2b2aa7dbb57df346b3c4cf8dbeb2ffe00fa401f3721e6c1f969afbd0fe93dc0454ee1f571ad46c9b6e55da9f0cf611f0cacacaca23eccacaca23edda8ff0079fd0f865656565651a97ff203b61c0f9b91f371f4fe9c85ea3870260c383ee3b372f1a9610235b9dd7ac137412d207b301188ad922e39e1945f4cacaca23edda8ff00b0668cd1acf49fd65cbf5477a3047a8c881a36af088e82979d2d4f97df27168fb9c9eb91d2e529cae324e849ad66c0b754165820fe39e05fe4cd656511f6ed47fd8ca359eab19514a0f65da0370609289e5b0f1aa2f45888a32ec5959ee78e26456294d222a514af2d8783549895877416dc19f4d3ed88a223ec3e19447dbb41ff00672b3d184f0c603211397b28ed3e6a72d15cae021903001e3daef984281071cdcb72cc18943b599ad7ae0b7379a40760043f817023edd9bcc713c51089965a4ddc7cc3911cb0182943ea11909fc24a6ab1930a5b96025846225f5e7016e2d389812d09a11ad94f224c93e3190c9f9ab5947ea5353b689e58010a8283600b5fc3bcc3621b96e5cc60f523a3ccc2dc36d4301de5f6b0c30db764a69d88e570a10a27528b85fe3a460c04b55ae5ec134e070ac846ff00ebcb395a231ac92b48b248e5a88e611ccd91ccbcbe70fa398108e5c4af9b095f3512be6c2514b884532ea298b229855966cd5641934425ab2faf7bce09c17735772d6e068d19a334764764764775edaf6d15d15915911a2344aa8912ae6a9a1162ef58c93814c959a3246da36d1b68db46d23691b268d935ee0d7875e1cd13089844c226513289a44da26d136a8d19a6c3e3be9b753461e88c254d1815e06cbc0d9182b2f0765e10d78335e10d78434410d783b2f076440cd10344109107a1226ea5ff00537fffc40032110002010301060503030403000000000001020003113104122141301032204013513305225052614260237114157080ffda0008010301013f01ff00c86b4ddb020d293dd1b487f846464cfe30296c41a727ba01493f79eb3708599b30315c4f5b6b73086852a9db1f4ceb896b7e1ad782931829a89b56c4249cf8c3b085d5bba35143da635265fc104260a60666312e794ba7768ba745cef9b09ed3d258fa707847d211db1a9b2e479c0a4e20a5ef3640c72d2933e22e980ee8155703c5fe639a6310a537c88da5fd2635374c8f2d6bc14fde051cb0a5b1174c4f745a48be2c46aaa21acdc2312d9ea26dc6a54dff0068fa561dbbe152b9f2404dab40c0f29683b45d3a8ccb5b1e22eab98d5ff4c2c5b3c9355578c6adb7bad1bf6f224f01157de1a52ceb055f78aca7c0b4d9f1174dfaa2a2ae0788b05cc6ae3843519b925d5730d7fd3169d6ab29e847f33168d35dc04aca69b91e469ef3783a94061a5ed3ee59436ab36cc4d385cf8dab288d599b9248198d5c0c402b55c089a23fccc4a34d303c1aea5b49b43845371cf73c2535f119a61624c37e067aacb98b5d1a5c18d59172636abf488cecd9e46e11ab289ea547dcb1346edbdcc4d3d3a72fe265da168cbe9542879f4c7a8d78078e86ebf5645398f703ec84bae62d41c6037f11a8ab0d666ed8ba7a953313488b9df00031cafa8d2dfea080dc735b12825878ed1495c415bde060711cfdbd4d3066c11882ab2e62d55336d47186bfb40b56ac4d201dd15153b44bcbf2eb53f550ac175254f35136da5b9421627c24033d3da3613d00d4cbaf094552d710790d752d97f5071e6d26b1f2277463b097e26691f62a6c9c18abe9d429e42a6a69d3c99a9d5fae364622e398374db82b7bc5a8ad8e711b442895f7bd8709dbbe56fbd56b0820e5b3aa6f632b7d469a6e4df2a6a2b56c9829fbcd9b790d120a8f668da62bd86143c44d93c39687601ab29d3da1730d39a53b68d44ca78b726f6953594a9f18fadacfba98b4f4d9cdea19a81b0d6117c899f4e3fdc3d4d3530d18694d861e36f612a0bb0a4205b097b9265fd1abb6255fb2a6d0c1f1bd7a74bb8c6d7926d4846f52af79829a8ebabee831e44cd21b5482ab2c5ae3f940c1b1d2c0cf48708d4ff68697b42a467c00efdaf69a74bfde6563b2928ef06545bee943fbf40a71594ced0ea580ccabad44eddf1aad7adfb0828af1805b1d0296c44d333660d32289f525de20c792d2fc9d7116ab08b594e6037e8403360f08d4ff006869911bda14360822a6c8b4ae6ed34d832a2f194d8e9ea8a9c255d9a752eb830d6451be36a98eea626cb3f798100c74b5e2d07689a65198005c74389f51c883c899a5f93c4091882b11982aa9ea5419b115556546d9178d34b8308bc71c0ce1686983996b740a5b1174e7f945a6a98860ea67d43b841e44cd2f7f25588c415bde6da9c75acdb461c4d260f4aabc7a7f88b41da2505198377430c1d4cd7f7083c9697bf981c89ea9b74389a4c1e96bcf4445555c78c7569afee10792d2779e79c4d260f39b135ddc3c9e8fe43cf2374d2e0f2c1045c45d423bec095f50cadb2b036d206335d91e4f47f272cf80cd360f2b5477094be169a6dd504aff00218bf109afc883c899a2f93967c0669b0795aac094fe23288fbe56ef313e213ea27ee1063c9695d69d4fba021b1cee134fc795aae1297c4652ef12b1fbe258500cd35f595dfec8b8f25b30174dea62eb5d7bc44d5527e3330f28cd3718793acc0943e1682aad3605a57d5edb12a216ab5771316958dcf953be1a638447a9470626bbf5889592a60f2b4f830f88746654dec66b3594decb4f7cff0066aecec2e20a6c7305303cd5a6c11889a9ab4f8ca5ad46dcdba290d8e87c3a7c187c55757468e4cabf5477dd485a30a954ddcc5a4066016f3e501836e99bac4d7baf7ef94f534ea63c1c251c78199537b1b4abf53a49ba9ef957575ebeebc5a5ef02818fc26730a7b44af568e0ca5f5053b9c44757debd2971e95755468f71957ea8cdba90b46f52a9bb98290100b7e24a83007a66e8627d42a53f937cff0094a6a3ec179575ba8afbaf61052f78140fc71179e9a8e12dfd287faaef2f2f2f2f2f2f2f2f2f2f2e65ff00a72dd6d2d2d2d2d2df89b74b4b4b4b74b4b4b4b7fd55ffc4002f110001030204060104020301010000000001020003113104122021103230411340513342225023055261706080ffda0008010201013f01ff00e432a01994766241dddff584d199476656a2cf0ab0aa34ca5890177fd3e60cc8595baeb0a2d3230b3dd820fe8aad4b664753a6ba7332a61443122834ced3282c1aba7b65403323323321eceb5e9667beaad1a2522ec4b5eefc9f2c107d7cccae8caeac9e955d7a1474e398862522ed337c16160fa841ecd6162fd2a875e851d3a28f27dad151ccc8f479455ad74b3139eeeb1ad987e1aa350d1579ba1474e35d412a559a70e7ee758a36ac49fb43322cdcb855e54559eb81bb91546a35e29594d989fe5ff1adca80815655aaac025d34574d09b34c0a37796245dab1207286a954bbe8c1c995597e5ac53ae3f14d5c8ad6adf6795e5794ba30925f8de503a29856a7e24239999d28d901aa65af5a4e53575f2c6143af32a832b59df59e146411b8712f7fe4b3fe358a25aa250b33b33a531a956620037597e48a3e56ac42cd9defd2c04978cb50a1eaa3e5ccba97575d35658ff7c15c44ca0c48955d9852bb35c2b4b0851b069c31fb9ff0c6d5893f6b528aafd5897e358535516330eac8bc91964fa00d2cd329a554caca5401eee55aac7d1c1c999190b50ea4a9ce9a3524a6fe87770a42e4a760f1682a4661d9aff34058ebe6a3447249ca1e1f0fe11994d56eaeddd9812ab35e1949b32922fd549090545e14658ea7bbe6d9a0652a84b2287a64d18ccb344871ff005f2af75ece3c3c10b327f8bad6ec9af583c4ab20a87e60abb2949b33116534e8d5a53e422365606cc2de2d3956998396f5e855d7e1c7859a5ed471e02247d4356322364069dc3236f445de3797889087e40abb2906cca48d61e1d395265f96a538d5d8b523cd114169dd194dc6aab4c52cbb20347f5d4de52d088e3e40f393c038b95aade8a6ef1dc834d58597505e51d9e53a022b447cb95594640d46ad472b8d5dde253e3973f62d628ae15752ad8068c148be6d9c786822ed52fc87b3ad78568d53a459f994a2f08a394b36f445de3b93a1521e70ff0012ca3e1a506bbb893949914d6bcc6ac395e1d7f6b5a7cc828652a29ff61a6191760d18203790b4e58f6407989e2654a5aa726cc926fc03c2d8b36f445de37935875e357e42d4b2ae01cad2686ad2aaee1d5e66781504ddaa71f6b2b52aec680f0d62cdbd10f19c9a0710cf0af13c65bf0855f6f154c94b54ca36e218e0780787e52fb7a21e339340e23a01c9c07e26accc7b32a26fa8680f0fca5f6f4b1bc9a4f01d00e463aa1e1f94b36f443c7726b1d00e4d23480c82cc2a09cc5c71050a974a2a8f0f62cdbd10f1bf4f58d034af48d308ddafea0729fc1c7cacfd42f0f62cdbd10f1bf4f40e0748e078ab48d01c2d7f5039395a3959e72f0dca59b7a21e310a5c7f833b6c788e0748e0789d234071776bfa81c9cae3e564ff00290e04142376af482e8c88e4e60d7814ab94b5e16447676ea1d234070dcb93ea06a4950d9c50909fc9d2346e1f933351afa80d2cc487bb522396ed782ff02d70ad170fbea3a074054ec1e1f0eb1ba9f8230acca656072b2b27dacc430b1ddab0d149bb9306b1cbbb524a763a0e81a6ad10c92d83460523ea163c71ec90ccaa2cefef8590ce493653930493c8e4c3491df486388aab60d182915bab668c3c515d99bfc595137fd2548624f96a82299cb8050dd06ad49520d14eac3ab443249ca1c7821790b1e38f9433228fea82d4195217b2c3930085ef1b4ff5f2fdce3c3430ee6eccbd921924dff5d6b3ceaf9ffa3d1d3ff4d575fd6d7fe63fffc4004710000102030306090906040603000000000102030004112112223151135261913041713272204023a1b1107362d142538114c1054350b2c2332482e192f0637074a28083f1ffda0008010100063f02ff00c43a3d3280bd44e25784525a4d6e6d7154f08bb3728a686bb66f7845e959843bb01b47cbf2cacccc21ad84dbba2ec9cba9d3aee58374632a96615c47bb1ed301532f2df3aa9c2228c3086f6816ef8efd917fe226c546924a6af11903984ef1011317d6d8b29302f0ff0017f78099a6d528ad6e726348c3a8791ac8557f26d23ce25a46b2cd208974aa6979c614c14cab6a69a3f0853fed1a49d9ab4e50dda7798ab0c8bfaeab55d6a1150788c58dfd32f599b3c32469beef98d353e1aae2e341f7831a72389c1a35c04970caba7dd7ecf1c915168fc82b053a6d3b83dc66df182d7ddf2fa2e88beadfc51a49f99b9d237d500e8f4ebd676df08a641c05e5a825238cc5104beaf5326f8a367e9d1991977c51d51706655b160bbc91594995253ab5b37404cfca57d76ac3b8c0d04ca6ff00c35e1576c3a798485ea26d56e8d1c84ada7229cb4ee117a71d534d1e270d07f84402f5e9a5fad62774043684b681eea450703471daaf511698a4bb61a1acab4c5e79d538769eb5d09be4f152b15437a0f4863bb5bc5a1f0ce911ba0267a542f3ad9b0ee30033309bff000d7855d9b48fba96919d460a6519330ad75e14c7becb0acddda7da62f4e3a5e3a8dd82292ec21ada916efe06f3ce25b1b4c112cd170eb2ec1145bc42755160eb500a9cc22aa4e853ebc55d529e3b8451a6d2df4479fbf976dcda45bbe0aa51e2d1d472d11615b8c0ff00d88fed0133d2e583f11bc49dd962fcb3e8787aa72762d20a2a61cc2d24f96153532f90c834d22b8f6244028970563f11788f0352683398a05e995991ed8a354974fab977c1529454a3c67ad54346eeb2ac1159972f9d54648a32d251b40b7813fca62f8a9c3e30b9d9698be1ac4426c5a442e4271cd23a94de6dc3948cc7b0a6499577683a149cd4e71f2ee86a5d8175b6c5045a3746631618b4753bd7424eaf1c112ed53d673d91579d52f61c9d6a32d297c9922b30e840d545a630340ab59569e070a498aad54d8231282d798623149768276ae3bd754a19b8a1a780c0daef72a0c25693792a1507879899ad1ca5d6fa47243df7a3b957ddb7f69ea586310dd1c5580e2aaaa9a048ca60a5b1a04f8c124d4f56ea1254acc0455c2191b6d316a34cacebf64500a0cc380a2456316111deac5731b7c22ecbb55dab8ef1d37754583a81f031b5e48fa659efa5707f4f17b3e5c3ca7dcec1e6100f4d5ec10c4ab5cc6937797af2e2bf895f08a3cca5d19f218ee1f2d2b51c8ae8f4a9ceddb143618ab6dd11aeab045661dbfeaa3db175a4040d9c059192e8db179e707f51a45d611a4f0116aee27551675d4855a950a180dba68cb8742bfb0f0cfcd39cc69055cb133f7acc62d1d555ceb57012a9d8a3e4f35861290aca690db934d25c522d1645862cc5c919bad626cce62f3abfb0410de357abed8a374646ccb1796a2a39cf048991d057d90c38a35791ddb9ca38567eed41c4e778e72717f9d90c34a14757deaf94ff006e006991788c878c4565dcbdeaae2eba8283b61acc2df3e7e58a286f8aa0ddf18c9786c8a2524c6334d822d20ab36531461bbbb551571c2be15c655ef085493a68dcc60a6658c9c2a9c55ac95defe84e4ff3b783bab485a73182b69b0951b3ab61a42dd78e04db0fb6e3686dbbe52dddf0ac38db8b340720c94ec289a68dd24d6a389422566c7e2a013cbc7c1a939c5216269b382ad2e9e58acbbe8776036eeec148fa5695452f0fb7c3cb084deba97b05731e23be25e6c65e62f9787c29f9c7f31329075536984b12cd108bdc7ce5189165562ee5e5729b7ede13f996bbc191d458a117e46643d4c895e156f8bb32870a07c74de4ff008bfbc04cd4b29bf5db351ba2b2cfa1dd832eee15c795cd4085026a1bb3e7c70149b149350616dfb9328d22762b8e0a4e51670760ac5e98752c8da6292ed1995eb2ac1175869d2d66685d46f80a9f994b2351ac4adf016c4bdf787e2bb895c3ba0da2e985a17c49ad9179a70d46480970fd42333bed802602a517b71262fb2e25d46741af0410938cdbecff003b20ad56955b02f248ada2bc705bf79a569503671884be8b5b793781e06a70a73aa39ff52e6ab79228ca532e8f56d3179d714b5672600112a73b49f276177a261db3f0fed1e7c94e48d24b3aa4ab3a4d0c04cd362613b70aa055cd02f55db3c62a0d41e31d6bc79a9b63420e14180902240a462976eeab93ff00b0878711b7921d62b5535de37b53d6b0591fcc4ca6f6a26d3149397bbebb9963bf794ad9c5d41129e893e4ec2ff40f9226bd07ee11ccb873a22ad2838331b0c51c6ca397cd422b16618acb3aa48cc326e8bb392d51acd58774773309bda8ab15d45acf3d56d21c7d76a9472c25c50c0d62f9f1434850aa549208871a56549a4202bf08d0ed498207315893e6b2d8bef2d2d233a8c51849995e7c82285cd12355bb3a9402a76462c036c5a3487d68628001778a24bd023c9d85ee81f244dfa0fdc9f3d14028663186ad2bd58aa40753eac5142e9cc7cd89358c0a2396004b9a56c7babc422ecd34a9756ba712634ea9b674238efc25a97ae841b36c25038a104f39788c33d13097c7455097464c86112cecc25a7dbe615d978477d32952b5516982893603435d7698bf30ea9c56dea73683398c66f4512909e4f3b3c9123e811fa7b0bdd03137ff001ff7a7ad4710163688ab4a2d9cd944732f8ce8f3e24c739422a91556730847bb955c900431c8614856450a4290aca2c3d5a252551de1a6c118536e7eb35c9121e811fa476177a2626bfe3fee4f038db04e7e38ee9cf92a31b6699c79f4846273c90218e43e60e8e3b0f9f25d19d518b198a0141c035c9121e811fa7b0bbd13133e83f72784c48b738b201d2128d5a7993cb0c721f3142b218c6e546c118520706df46243d023f48ec2ef44c4c7a1fdc3871cb0c744f0edf46243d023f48ec2ef44c3de87ed1c38863a2783bc0d46711a24549cfc51a36ec23298428e5221ae4891f408fd3d85ee81f243be87ed1c38863a278240db0f729f2423e70bf9437c90d724497a04793b0bfd03e487bd0fda38710c744f04df2c3dd23e4108f9f92170df2437d1892f428f27617523294910bfa856882905153c46a20290a0b49e34dbc30867a27826be70f729f2086e17f286d46c14ca61a6e5fbd5732ce330c3672a1b4a4eeec4b9a93744b3ebb54850c2a3f6415a5a76eebcb9bc22ecc3497b68c2600d26855aaed9008c9c233d1e09be5898e53e410852cd1232c2d68161cf0912f2ee2dae252ac40844e4e3c979e4735b40c2939fb29fa9954295ae0515be0abeef9aaffa6ffb631b6eb28cfce6cfd9149963fa9af64772f25475721e099e8f035510919cc250de220d6bc50656590b72fda50da6a602a75624dbd5e72e02831f50e8f7dfc5e193b4d0da20932ff4ee1f7d8c305724e09b46af3571a27af8a7e1cc2628fa4b0acf95317da5a569ce93d767a3d7c6bb7553698a328b9b4da602f40a6db3f8b31844054ebcb9b5eaa70a3db1a39661b6119909a76ed1cc3287919969ac15c938a945ea9c498d206d7747e2cbda202665a0f0d64e154510edc5ea3961eab3d1ea554424673146c1755b8468a5db71c27dc6530173ee89446a2712fd9014c4b853bf15dc4afc90fd44aa349f111855be0afeef7c3e9f86e58a8d1ba97591a8f0c301332d688eba2d117da712e273a4f99ae879b1aedcc32c51a4ddda72c05685686cfe2cc6110173ae2a717aa30a20352eca196c7ba814fca0a1d425c41ca950a882a6019277fd3e6ee82e4b833081efcb9b7745c996f4b4ca142ea8421c69a72fdda10bb23452ad38e7aaca602fef0784b27e1a312fd900cbcb02efc57312bf2ea4dcab6f6d22ddf17fe90af62dc51101b61b434d8f750283fdbdb5407ce39f1c67e5162151635e3163437c73511eeee8ca3747f13c047f17c047f17c0473fc04654ee8b5288fe18df1fc2ffb45a8546523e51cf11676ba98c38445aa27b2d86918b10ed548b2d1193b2e48b7b6f344648cb19638a324648e6c73639a639a639a639b1cd8c9e6cb197cd93fda6fffc4002a10000201020405050101010100000000000100112131104151819171f0a16120b130c140d1f1e150ffda0008010100013f21f94ffe24fe08f4cfe73eb9f807cc3f29fc23e08fd13fb618630863d10c7fe34207c118218f4c31fb80f5130e2fed166ef4dccd12d51bc59b9943e54189ce2a84e043184318431f30f9e18c61b1e322bbcae2935ba05e1054f6781441e5ee4ba75cbfd4fb20fba53dc8824ee57dc5f773ba144f2fe410539e3bc851927727be2a3822a59c90f6612a318f9c7c90c3189f076e087761137fa06bd9a7892d773fa21972bf5473fe4c302e944db6c259670211a988241411273e6c7a3c2627154093873078a6724c1243bc41e0f81908366200809620d0e0218618c23f2c31892084600b9299274c4d838a74e0738ce708e0dd1599379fdf81c5984c7d2b100200016019659f4985c21e00dd3640f907b9f52cf8dd64ff00109098b361ddcd1a150f6591efa214bacbd573085093ccec1bec909185d863f047a8500667f696dd9a19a2b4e5fd98aa94ecafba19b617483ec96df600c1b0659f509336103abcb765fab1f21ddd2c05a1c86492cb3883306da0c8764744135b60ed521a8f2f0b9e638045a25423eabb8634e7fe21becc30948fc44427d307a8281173d999786b3f638a607fb4d9b9ece9b3dcb9dc5965967d3c5c44790cd03903f69b9eccf17faa17dd8c270844ca3500249614136670785d88d19fe75eec71dc894b2c3906797f2b9e9869cdc7740b4e669fbf63a9ce2f12c7775dbf5cf30b8dd212303f346529914e65e07f19e1d354967603d901fe926e5b4374a59659c4ec615c90021cc2fce3e8cb718babc43701216494a70294200c7d41becc199c8b8bfc788021bdd388289c684f1109797fd77609da40eb008bc6c97e6553ae4cc89154fe026e59f82e75b23469ff00af93e4b613f95398380526bf82de4035cb0aa1e4ca2a5b076cefe4febe141251c859259c45f26890a399b063ba800dbdd89231d3149494a2a712139be81445431e627a86e82c11c4575a4f067e557b781354a701e211c091b222e186cc1b163e21800c55182c56b4b82fb2518998e6f1fda9b1c54a0a286884d20f2b2fb142c75f14c92269c1f24f419e348809725bbd00e46b4a2c4e8bfb00860627ca3e889840b02004a28a2a6700cb01e8035b31c62dfb8e64b8132a35a90e019b12dfe00644e0d4c8b58d77fa632496eb93bfdf10a701eb18498e13950bec712d90f81d599dcd59508490819421295c1c5fd4375b1eea2a4cf26471449e79fb6e9328080c1072428289d2e7b23d15a5017289ebf329451c099c4b0049d030121ac6c0506b01282886607fdd9012be02726a7d081c0051200d416bb504da09f7e362599181f8eef891e161b981bb542149d57b09eccc9c20838a5cea9324203e13df31004e0f24d5e751e1101111a7f101231e26450412d0a527d03a4db00c6540bd60dd0fc942a4b8a5c49d13f364a4a7047004a4a700e63dec777bf6681b6fd75b7107748f802300f8237c84d3b993b126e4d7206d04b9659f42018e291391c8219c80e51e2f2f5fbf2d583dca4f60868320b7c814201720943f02a1aa73d5b33372608c6dc6d3dc9d41980079e78325579341b6204e012924d52700a381648881d0e45b82288d3ec2a3827e11840092600b92d5b9f8709b8002a99c13e821841179d32642212b2209b20a1052989217862700645bf58c240ee4d774685494f43d1d124924a4a4929380a525a139c11b207ad18a9a2865686c67e11856789a5cc3693542a01228d6c0f26cfc49a4f3b833e8965051e8a4a208614c417344c6920537a892da0caf2b03567b4e2c3000e98c83fe83c46204a6929252494a529090d70847024507ceec0aa6e20a084d80a21888231c8b30888f8c0c5223bc598f05300aaa86e4143d9b60556d84d784f752beef9970d03ccaa9c0b2ce28c29420efe6cf33d7bb3fba68b4ccfd06c915e000c884bb3402d3803c6381442b0490494b10252529c212f062f181e5a96c74b7492cd50dccbeca4335fee0a0eec2d044dc0c86c1a009627d6310a209303c99088284b390828434ca846e1a29b932761afbbe4567b815e210f376543b7a650861912d0e2a86a7271aa2a44a3239f9480414650b24891b828ae4c4d459d5aa6a6004d63fcc0784e0586b48a215c9012404f9ef1599cf193b87f8c9a2bca28ed884891b927850198f427e201382f5c3181100c9f095d93275ef5a582059a6d74987b829d9080536443e8890d5c0920fa259444a219165da7823436ec0772de51b001012020c0b9449dbdc511e48a5d7304612565d4e8f109449c21ae7346819c8219bd9086a387378033a13b436b2321c70142d47f0c4c56faf81f9ca194808a03595265f8bb599ee9e0c99babc28706240342929025e0d126d58e4b99510d1b38ddc53bb1c0d3ff18b6c6cc21f2683730372cf91eab33725ae0574e791f7b32d25acc3522aa6a323c129c560fa54fa082adac0b414b08025a060c75c20cc0033a8a335e89ba624d4b1912cd51b2094a59bc3c1023db5c108024540817647afb172f8c7a7a7ea686c2e12425e69b82421c91d559c194d52bb8248683220be142c0bdec0923a0cbd29866618de9a4171dd3e6754807047695ca9a47d9dfc22b602182905dacbb7bb07595639f450fd704494daea1a7cfcf86489edb3bdbbf61eb08847faf3b94b72d1b0848c0148dbad5ce7a0a062c8f04b51ab9df77abe84dbe01e908c3a4e89b83504e14b53bc24998d437fa33e687c9d9990441c0b304ea285374e01951e6659105266f04c0201005000f41661cefa128cd4819b42439c12c5186508f01ac43e694f531a953842ae6e41abdefdf0187e508c2aebe98523627003a38242920674869c4c024c3aeec841d148c4948469fa3c643d4d984ba674e272622dcc0a9d1a9f0c23e77f6e0c020680092954951268cd59aa2a4b8df77a9e8f98230e95a251ccb1a928d08548e015602ae1866c8c73e4ac066ea8f894408004014003c20f53661a6d8f041acd28103bee7849a329292acc02ecd506af72f7f4ac3f1046051d551dc0d6e4a3660a4700a928ab1146113c1c0cf5e661a096514588e01b2518055eedef83c3f28461475f462e6def4bb0612a601524a4b6228650707107a0336924b29354949a3296f412120019929d053c4921b3444c42a5e101289f30e79e0c23c7a31d7d09c0e07e008c03417a649f14f784b2c52d1456df84e1d6214e0e3497519a5804a4d5252a32ca6a1634358d99f4d63d7991425f4a0421ddc5e99a5381c0fc23096ae8ea4b8a7b9383634515e32ae28220e3f167a86a95124a9aa4b431247c723081d5793ec3d91955b74aa300ea8a7f00d090c1b361e05a48574b360a11a077c051054106a8a93527d45fc79e8ccd246938868c172757bafa229c3e21f6297534092504a2490054e693224808dc34035681e20f20027f0dd1008d652ee282803385e607d849c2450ff87d9bb07a06c88e012b10da5b20d53524e0267134bcde32f7686113724a4d196702a3e7ec96da923646404e4989d28cf642f2ff005e34e08455d3bc01b91c9268ddf8e64be93d95792685f5fe2651539388aa8889435bedfd6227398f64a0d5252a53c007734bcde3af74d09254d594db0011475e5809173368c5883d0553d96556793f31b0a0e3b3ae7e7778b1c100200a016030147f081382184e40097058ecf2a6e2c783129aa2c3e8f16ba2b889ef5468eb75a846897a80e4c0c906adcd27364e67dd342512e7802211b4cb090140d021a896860f00d4ec1ea19552ae210610e5b8b5fce0fa218c07657cb07773333fdda8e29d19ce8ef4546e18f6f4e801ec8013ae8ac764a552cd5a47bc7ba538188eb4b01e75026ade80f18fb652e79cfa77618dff00c89b6d0c7acfa4fcd28f5c220a432bb2bee98bd31d9cd8f663ca18924b94fd1660ba045c77428a1a86a30ed3ec5a0c845ba52f0f955e075c740c3e01a9d839f5dfaa153c5b643031ede8863e49f947c30d15ac089b1439ad506b9793fa86ce583a9f37f094f449e3a2db30cba8201b8259d10dcea733fd66fdd4d5399b3bb18b3fd536da18f8ce13f8e59f93c0a34fe4150844a0af6865b2d50716c11f09f90fe01e91e9863d47d2713f1dfe607f04b3e93fb4623d03d30c27086308fc03d63d518776e594b604b65db419a9e70100b879ff00cb961ce6d540363fd7975a2d91907568f4bf923a97d20594f568ea879d1b1feb9b2f24026b0e5ff0d80f282dcf9d56adf308819204784fea206a0055387fa1eef052524b113264a9526cd2148912e15486014c9262d416387d86f847ca51f09031541a258ff737d21cd224c7c897005274925a3e04a9d2049ea95aca4595348d3f65dbbf012f46edb0833587827cc4e9b8a033a8e0f9dc13ff0011ff00311ff11d4b83e42267a601d4008b797272096c22d99c659fc23f047e58f84fe496709659f4cfe43ff927d1187fffda000c03010002000300000010db2db6532492c924924925b24924924a2d040801825a24965924b2cb6cb25b24924801a6d36880436192492492c96ff6d96d92492400c12d96436db6c92496cbfdbe7f7496c92490136c241b6c924925b6dffeaf6f9dd3db24925b4da6902d924924b6df3edffdfbdb7e2d96492cb69b68b6c924925b6adfefc213e17fe24d64925b2da25924924be7dff7884ff29e6e7eedb24b24848b2d924be7ff006df860c7542de2af6bf925b6d32492dbe7df4c637f0b1358f01aca6cf5b25b44924b7fcf63c18a6550406a7b85b88ef64925924b6fdf77d54075f9cbbfb30e9e8ce23924924925fb80d91a2dd4657d7f3a6214ef9484924804b368d782966698073d9b5c143f20ebf25b24165ef21b29696946275fcc0c4dd029b3af64904ff3e505339ed07ce18775a05043cbf6b4904927c9bb322d55c561214827ebccb7aa6fb6412c9f559f03d938d36836a3e0c333412d8dfb0492e38693cf4c2737ba8e1b6ed12e65f5576c924fa76eddbeaefed797c9bfb1691ca2f59c92496ed8e418f8fb780a7f96923f7450f3347ec9259663d7e745822b32129f7e72d373e6ba4925b6cd9d48bd063f89ea8dc99115927c35bb24924b36e08b3a05d495fb47e3840ab11eaeec92496dabc70dc8db858039a45a0f63f88cfbb64b2cb22eeed580d0c3abe1da87075278cbeb5925b6c99d779b5bf81b8933edfc9acd801fff002492db2ef1aa3a3488dde3f9fcba8fbd483fb4925b2caffdb7e60d1d08e8d05e50b2571fdff2496592ad9eaf4fcb393b33cfc7628ee7bb5ec92492499e73be69aea105fb61b0a333698f7b24924927f1c495b1468d5b453ce48f0e4cbfec92496cbf7601fb4afdfc17bfc201567d4a8e924924b65df1241059aafdba79f56c65082b32492492cb7afcb157d80c84efab438ee1d157c92492496dbf7c55f0398cf4f05b53e27dbbfb25924924b6effed8f8785423475630e977ef6db64924925abbff00fdd69030e076e5f6efff00fd92492492497fcfefff00ff00f815b6b07fdb6fd4d24925b24925bbb69fff00fdfee907bfff0066dbf24924904924b2db7f5f7fbfff007fff00fbfdb77ad92592da24925b6f6dacb6ff00edbcff0064f35fff002496cb6896c96d9fff00facfff002ffe7dbe7f7f6c92592c124b24b6ddfa70cf6a6b11530e37ff00b24925b24924965b6e7c15a10753a9343e5ff3db2496d92d92492c8282407a08fd084ada3dfbac945b649649649248014af422386c938d5dad92db25b64b2d924b2cb7d947f6dd2597e92496c309b6580db2d92596db6646b5acb6cf64924b2836db64b6db2492db6dfafc9fb7df6c92492486d34fffc4002811000300020103040300020300000000000100112131104120513061407191a1508160b1d1f0ffda0008010301013f10ff007cadfe6d6c686f9e6b78bfc6b127293e3d1bc56ff0ac6877bf804e7e79394fa1d4673c510452a98831ad6b476e5adf924e524f47efb8d40ae70a043e052402080ef0e7890219411570294272092c08e6a0f6dce3e35ca7b81681dc603b7c96c20bb1203389c0334e94b801ae464efc509c60f14b47602d1f0af70cba37cd104060936f88c6768a4c02b92220f773999308052438c2569a7205f949ce2a5bd80fc03dba33d7342d2b18ceeb1d130e60aa324925bc75e0c9e0e30a97a40d056c230330939e41f3eb1e41681375a1e82090e4ed9e812815cd1472c06511ade491917dc4a7783b63185221052115d98a72cc6a0c28f589e6993a40861ea4e108cb10123c3ae002701ce1c07379a0022bdbbc26d039a3ace2310108bc6c5444a98b87c13d0d5115860bd1e42618042e0e506b5b03a23d72fc207535279cbbe22605dc14e79018c671b83d2074e20fc20e7f0215076eba7ab79260a8139238631dd8619535a12065c9e6580089e32c4c02970e325c1030349da05df3380380b49c00d2e2712467f039dc9e5a829af90964391e81ec28c3680011018c484f010ff0f56090f1aed0c3ee8cc07890a444c89a32c2c28119c449c85c08c9698fe12789fb2e600a7ddf637b02031f549e9d0ef9b3294be0cc319e53ecc29091512047d99860475068034dd14af043a94008631c2636908096b88f7639cc8183035a8e47038887d05cc7a477c910b2e7aa030f11cb39227ab9f27313769cedd10893eac0057084c48b4ae98be5a7e1ca1a22411c15d70348e0721094ea886f23919ef3cc007480020673388c484870c84242537aa58c7681201165aa692847b794210652883d831c04611c04207070cad3b7da083c0c779e020bb41d25db86318ce08f0c89e08631c14a4ffd0084197094e67a20a389c84703803805a021b1b86e7ece8e067d2240c2603ab881a33dd1890c67113ef451f0c11848074487538859228691c01c0e2238082880f76a06bf4e1203c06b9240960204e35e84e025260493547254f628834a403a9be5bd84318c74d8ba607d94a5dc5382417fc9a09ede8842388500a1890d8b88c8f8083c0794da24a040a807b067d5d12c89e8829388f458c2c1422e9829e91d7318c6a750a4e84dfda2004909d5418b475faea880e8501010c0c7482c61ca8fb94f23e663a7ddd27d9d5d83d5d13127874452b48ef9c410a4b9c13ccd048f52eca1f423194ac06ca3196324e43ed7d3149da01420e940e0b37e9c613f4201b994230221c4054b74872614fba1131d11c3e09d10eefa69420d61f75424c10e40b5dc241b34dc7bb9219091220650b2c4a018f446603418299d81bb60fd23b1e76e09fda8293298a5e82423a080b20724751d06352437eb74f58f34ec6207162094ad271993d6620839082ec8244b9c032df5953c4001086113088148526301c1e8153b26e809e385725d51bf4ba0ecdfa477cd210ddb121210383505db93742375c029a23411c91bfe14ef824241262ca481cbe650180494b3d80c3713bf4ba0ec1e91df24610a680c4848432a416210d75653a8329369472478488c2e5c9c223049c24c6f052384e347f41d0760f48ef9270e7f5219c6500b0b1851a673962269c1ca0b78b849bc5e0a0318e2bf511a1d83d23be4e9fd063189050c290c2501862780c723887b2f65490052709c1301bce9fd30ec9d5275c27f8d1a1eb1df2461ddf4c62424207041483d103cb10cb101194307887d12010291fcdff085411bfe07f5529f5a581eb1df3a214beb9890c6242420310ca031010c2110a3829e0253be01e36025c9041aa203f675722fa679da604e0288a742432a4318c4867076c4312324708a11c1e729da78e2c8a40d336408f5d823440f12baf50f240949d41c650334083ee92208ca139219c1404061700e8b6e0705cf2465a066c93ed3c780830b7ba201440e9d027445033c67d5233d80a0302981166e87e27cf5c46330908080e52308e4e4393a72620a203dd1d90077d1072342dcff00b48d7d29d613c8bd7e2913b4e41e5c39a1eee19afd39f3a1210ca0203d6a7487642c64dbd4f3e064b4a47be4b4e49f772d921d0704a79d7c7b1c1c174187384fa6101870e50f82818c2189c13892501010d17d9b80bf3a0d5281e0612134dd399c5ed1f2ea40d084ac160f07212f8c7c8d206b424611c2883de7c0c96940f2725cb43f6e68e500408007a23e067afad5e8f1b823eb0c4011f8282c0845fc480c7ed2934dd7871ea0bd7e01ac3ea6f5d80d820aa1001afe0919f4f5f0c0f8bb7ac78bea8f8bbdfab7d703cfc63db5ac70a4baeadb4d36db6fb882ead2825ad3c5e45ebf1ca507b2b424a4949e096a50d6a107cf15a86720a0fc62ed019c46312122f02189e01c038006239cb3988f8d18c606203121a6708638ced08c6319c40c1f2c7bb941e6f379c7783fd29fc48c091dd3b07c3fffc400261100030003000104010501010000000000010011213110415130204061a1507191b181d1ffda0008010201013f10f8dfdc4fed9a6fee27f6c9c9f123eac633918c63393decfd88cf7233f629f3db940c649c7c1046858c67c67ec80d8a2602bba31cb6c4106aa30c1935c369a3467c88fb319f1266d22e0a7e5265ad6b525a4690ce7282e305d8c9d216727639f68fb93e24426030888f549b95a93c56f3490098eb0e4812e709af84f0c0182d7c73f5c243012faa4225b76a4a4b501892027d0924861f3f007a94b4d1116100f07485877f54901208762f841214f6a4a4f00a9c27d2933cfe7b5b584f200380d08d629cc511c7f63b27072393e8004e02661501aa27094e52d6f48827d29249f8d613a41f94001871e525ad4970929881e028fca401a38787d81f398490a1221c70ed68b514dd8873e52784027d0d276cf85402507e5021d69a52896b5a9751a9192892f1929588274148be7e508787dda006c9e89c896b1d99b60510959a9c34d3b4040e54c3900113d2625549496a09815f4931e74a0a36c881199404f79c2aaf0fb639906f88ed25a5bd013200b4c7a301f4124361d187d44a3889686a4b5ae4981f01033534723104e19eac676a5007840f047dc02988002d11df2941465184ec88be5348d254c4365b83ac540964448a4b525ae8dcc07142971b8049274aa58809f80e008fe406f03c3ed88b4df2184e4d0e3831c17a2650d2424f5407590f9ba10f05cc1c74828fc25e11d824edd9fedd71893a752100f423e111c380f05103c89c27da088e1b294edbf0a5a505f2d424534a1db03484e74a231b0a18031fca6124604fcc7b0231723fc60729f682430a4a04476fc857283eadf4696a012003651ffaa75b721ee755bca91d9dead03e50d8a77edd29a101f473942ae241896f348696b8e52d2ea083ea3645d093e834e12101f90e5e8764e845ccb1fabe129f539638068a9de63ee4764a2f51d0172e48991a49b2348c8ae4b867296969f4d365333a0db21f1c0e0a18879f9d483999917450f52e408498042123628b21dbee808d4304fe52620f97cda3003a8484610072b84e12169d040736b1d4c0836d17917fa8164b7e04a452192c83fe70f857f3e53e436b4866e842523ded0fea135b1a868698a17ce49b64893b4976fe79fe199a02480e0cf0dc006307e5fe5a412424420aca29f0707ea91a60f2522c0c49644f08e44beba2999607212954387dc1c3c10c7f9e11cca10470307902401bece9987fa2098ab2cb990cf242737e19b2109c60dfd2080b01f20b4343e7a97d2ae6c988e539c81c3ee874258a7a0312224423d6d1c0610118434270934ce3609061e18019c8d21bd0c254e799e244c023724729da5a7cbbb8364870fba1d9d7ca9e8bba00b2690436823cb478e06728390ea43e720b4019705b2fa0824d3962184325233d0e790fd16c96296f4494a5962791d69a4ed0ec1cc840a5320048183bb33d51a62022877294e98dde03ef8706dc07f97692383825dda94908e1414b21dc3b74329404a35c0614f349e78027d007674ff3d084a5db84a768e1e1394463e1b1424721290942308cf4e732070f08f207be1d93c3f9f80294a46f0a4e72e9c3a696e5f040e876284ef8020a279cc49c047c668fbfb3abf96f74e14d20e70de6cba24ba706dc8046d2188086d89761d1d8f01124e8e60065f48d90e0166502708795d3b1be17cfc4f2ea020653b75b469d1da4330e8eead363a5b03b4d08cae03e91f022841407fd41597eae7f21f840210f0e51c2783875c05f146d8539661d100f014b0e6988d3c039424165ae02fead06a068e1f7e319769373e05c5065dbfa895fd6668129e0eaf0e4752211c25b1be34a688e03fda406e0eb883c97082dfa43b962349284170a10fe1ae4e3f54dc61420f02b0846db9722cca76e9ae01f4ebd4b24d3fc486ad4612aa527ee108a349ece431407fd72c53f5722147a8427bad7cda93e5a234a7eb1fab970a7f288080ec7ca9da58cfa6397e518ca82282fa5405205fd50ff00f118821fcf0788882ffa37842191f8659fd49c80c0ecd3bf8e7debf523269d6a0519321fec24184007ca1f97fe3218085c9bed13edcf70fb67d104ec49c42b669f68a127ec6fecdfb18f95f7aa0f6a7ee5e5e0f767ecb524b4a2b96714c2ce1ad6b5ae0a47dc25cf07233d58103803189090c4a474fe18515a59f64247435a82d41e5416a4f041a9292df846fdd8c403c1f94249e2b5ad73ccb0b18cfdab3fb74e5e5fdbab783ead6b79ffc40028100100020103040202030101010000000001110021311051617141819120a1b1f0c1d130e1f1ffda0008010100013f10de5a352761da0b06faacc59a33ff00198b33b1a6cebff375a1b4964ab2ed31b21b1b9ad98ab2ec33f5456c3f706684d82a7161b0d08da62acb426a47fc262aca7fc859a03521a316677d566cce95eb49f14ebf782c45d1f7497618a9361b11f558b334d76d5b1ad49a91bbaec30d59770e6a1421a974589b11f587647d4d364b0ef1360ddd7ec9463ea92bd37597ea0cd98be7689b11bc361b0d067789a1144e967c59f15235a274b3e3789dc88d925fb3a6e1cd43eeb2ee1b2cd35fa87d42c4513a5f2bf498a674b152bc6f75efab3ad89a9c588fb894365fb4c9623734ad86833f489a11b9b60c94234de6284dc6fdd283c24bf057994c069f616fc9daccc8d02ed080e8af4b0fd80fc52dee2ea5547355db7336afc66a6e2549a9f575d826a43be8d9d761b33f608da1a144d01b434a61e7400f427d435f4b59eef8650745751479945d788e27a03cd00c554cfd1d5ee34d47004af794af6d559083b43887123a556a5e795d042f1f257a7404f7925634c838b1ee816cbd83dcc39b93469f20a63dd6f056e1a92559d7775d93e899b11662ccd09b05d1b24d88dc6760e6c46c1344e859d09d5b0d0e6e898d07ed19e9607a10165edcbd31e6cf6aa4e24c4793ff0082b891b3ee7e573977a99bcce7398cda3481d2e2a0af1adab342f44201c23add0330693ab15e83d69f81c010e9803a19f17e4aeda31f233e6e3150094f00aba4a2f144baccb07226b5d834f1aa2a4ee4cd88dd373055e2847d5334229ad09b0513a14319a11a6c388d2880396e908d18c7890eb1974b83bc2e32c4a42eba294e6b8689d23fc1e2bd94f1c23d201f62f5a68820501d8b956b2b2559dc9e7497df2c1709d0c29f580f629264e25947573f0ad4074b6f52b26f76e3e34f8aa4a25d7acccafbc4d2d898c31cc88fa2e9624e33197c847ed23aecad70d829e3586b522a586c3b27fc6276050a192ae684d0cc3e66f195ee81d6b7c92b5fc795c67dae2eba580d708cf62eb4888a59c09c3ca74074a14fa3b52006c696ac599d826ca80cf16237ba870831ec2cfdb904ec21f813bac2579ca7f01e85cd5a73b2ed81a8add8019a04b807e29f94582c4f15f4087abdeb3482c15ee8a7ff009503cb9d9f823f649d6b0d4b93862882c1daa43b3a6e961fb04ed134229add6d4276782757a19a485b0327d487a93be81e3132c3ab2bd6c3bb4ac9be45fc57021408117527d8b60d370b5676096e32f4801f90f41ba652604f20c1de8fd631f1f0990ee6ce6ac4569cec5b972047006b71934e99e867e514f0beb3fc4a93f84cc2bb9d5f771eb61ce9d6a52644183a103d3426712033f80305d5b6252d69474646c15a80b23e54c1d0b8ba8482e8b5ce80b25894ff00a0d3608d98b6bad8922d5345e546266e70b33c02040189480ba2c97896b4cf2223d541299a315c348788a51533b188b9001d574acab0a1cbd568ed3dabac4e0338ea8c7714e8a25d772ae5a8062eaa3c50ad19ba42e747e4743b1a5799529745e5f454147108bd8f2f6ed38b59b71d5ab75a82b317cb908e4e51076a765292e1ebe58e2295894181b26a7fcac1cc0059499989a65934a952c47fc4a1426a2e096c2588784987e613b8e8503c6eb5f2791255f2ad9e0f2ca43f0d3489f87ff934c49f018fc9fe598f9c3e5519c6960695219ac18ec89eb4cfb715c0d2c2a5ee603daed70eeb301d9607a2e4ac622a9acb441a459f0c63e557f2359d6827e85e0f62b5718f39c8e07a0a211e74b0d86cae2aee6b1782c1bd007774a33509197b743f356f09f98fc9de2e9f14625c8601eeb63e6e8aca3a9183f15cd45ce2172fbaa71451c8610e888d971526a548ab0d19fb02c9dac01454f5380c1cea7d1d472b6b9147de02feda23adc999b936504e4c9581a9390f8aeae17f11e6f9148ad50f0d12ac075604b9024533de247a07ad46cb2b95795a5a78f3616f9ab3d6166f453da3993f291f297cc7447374fec1ef4a63c400e815339b969d91e9554699b951bd4d4d6c4ef13f84c7e68f3fc6ae7e4a8c108c2fb367e4b350f23e9c03ee6a2cb2dcb63cd2c970c6560f832f9b1864a16a8f680f439ae8edab625d5f50a1a510585669a032e336061e132f17d689700865e3ca2baad9ce6c347e824c01409d00d8f8535ec8c807439aaf3fa04dc021fdd0f4527c0767f4ad0e08e15c25d29a137a149f43437992bd9eab29d81eb7973918fe42f7a038aaedb8d9523c62a50cc6d0256b49c7018ec66c024f15de84cbdae3ce4661cca4be0ef457fc43d0babedac145f2b9bc565b932d666b06837617c084fcd90ccb710cb76967c54497724eeb1b9ad35a6a6d1b7209890c3d603a8a874da38c2474471e2d7cec9ad82f4a876606ce4d131d927b07f770e1a7ccb32a2e55981cb1fddc1d03f2c1038d332c4871488c900620e3a2ae07c27aff0026861cea309e9b3a938b2b7bdc52812d3fb0d7d57f014c0770bff2850163387bad7d4d8d8dc11c7ddfd05724595b7b6e5a279b2ed6aeefad455d6a327c189fd0a03ff262084eda0ed5d93788fa06a5c9a3152123c32f67fd0b138a8a44126e1029e19b33add78a51429d6994d582910900230b20750c74a58dac29d9090fb0ef5df84c801cad07516e3cec04487e629b3240eb26229e0b85abe69b1d7c21e9b3309d252fe67f34e709e7fd35fc587c6c20f1df8f763df5b57d9d0fcd927bbafd8c2ef17c2e63e6c183dcd6fe343e2060f458e7335a1e3698d9cb75d669680de2778e703d269e7d0835574cd44f2f4efada135d9d7675fa1a5d1b02b1a510072d2c81ff0040a147493755479c19e3059f6b2e699eb4e58a13cd04d82ce9705d48227f89b29e431aa601502634e0d88acb42bad2261e5455447c185834eee03ab4d3d45c2e665d1320200466be4119d2ca835c26b37533446cb8bab37548b0f8f1bdc8e37843aeb5d561768543bc0b847ae07bab00050f245f0d1eaba6eb2fd0d2e8d81e863d98909fcd0083509c06c4245cac6a538bb40bba47b8a48ebbb8b869675cea581e2c1e6c5a0e299e3603cd92c7d9601d5aea1d6709fc0877e92be8212468175002a114df2f913b05eb488ad9baf3705d6b9315dc9b0a7619b8f4ae897ba1e23e5594b73e8b93f0add626b10009895d32bd34a74c29caa7a0c3d5f3b66c47d0d28c366684975e22e8b9c11751c09d2bad2f10b21213ab730b711d761cfaa514b040cf95801d95652109f85687b2ae684d50e975e30526d20e298d2f34952e033725d00c2798343af8a9ad852ca52767d26a85d718a91f4851ea2419080f60e3ad6781eaf08a26d465d4dc1ae6b454cd525e8b204df343718bf9b2da3e64de4925f077aa4a64ce8940f64ed5f8b44f31e4406ec1a1a21104c42cb2bd2ab8104782cddf7d5f434d86e8d83345e8629127a942e9d712039f85b35ed0a772693e8b0811c9f17c8777b286b881395e850f41d6e9b6af9ed31b266cc596970b603621825f0736115801e793a27d1d4ee4759acabbb54c0d806507921771aa2cb475b1ba23f9be2848d1a8c13f897b6b96c2cfad8d18ace89412af80af4409108f74ac8d300f59fecf6a30fdc430f528f80d4aa1c937b6854c8b96732d4a650b9546c15a29ab2d98d8b3b84ee6b46299d837bc34fbd95c54090472f1a944589a61190f84b24af9cfd34fc52b98c762d4413f914584c38ff4297b5deeb475843d93f34a53fa1c2e44c364b2d9697aea4c4a6d3a7e97d54e8c93c4903d27bd99a6d07caf800be14a2c3be05ecd708c13e7c77a163a851207119d4a1cc29ed5d04b85eb5cd75b951251cbfd9441abdfbf09ec8a34cd8335d6683dbea9892a49fa460778aff93ce55e8c9751708d71fcd48084e76d9d7b3ad75fa8964b334d69ad3528c14d0e9fdea408cb0e8c9df2e3a41cf5d4f8b1631c7c1672f92b599e09cec3a3eacda15929ea323573ff005be0ff005672365f9a52f89a5633108f573bd0a3f9dfbe28d7d49515089deb3573ac56a01eca1c23da58495093ca3f297f74409442c7fa07c943069e85413e1b390987def621f7590f74143de59a43484ea8a0ecc9da285a79a3c12d67e3a29f2d7d3282417ba4be84eb54563c484e194bdb1d2c205b2ce26804003828f34d69e189f8a19eb8bf03fb4aebc332a7e0c7ccd191042061a05f00498bcc52cebb3a54fa4cfd06b465a15a0cf5142e5d94704de151a43824ee35230cc92deaff00a4b0d033247bbcfc4dc1e69507a6e470b034040b81d9335eb514215ee427c352268a58f8160bb257df5855779607c5dd49a4a7b98cc8991d3113d292a88a7292b1e0ce4a679069e5f2fb66e832f3aca0fc43ed53887e85f04810ff002e68a4349f9753fbee5c12a52be83824c4267049968080dd3b7449a7b8af4524045ea1c0f76952238673a469d817c05d5cd92c663cd28e6e8fd1abe8a201ff00cfd5fc51dc7f04f77cd50d8055338fd6aa5359a3fb3774d921da66e8d826c46e58a33723fe53a42453f2d40ae9ed499703e2a7833408767c7ab251345fdb87cbdacabcf5f3f2fc5984061132355982caca3ffb1fed9c8fc4afeac931c2d87a783d59c6c65e1327bc1ee93a8d8003c05c9f3724ca741a93a2751cfaa05e7f89230c54617c6b140ff2dc51a15e1791b1983bba1550de663dae87e696467ff75feaca155b013731144f55c0b974bf4b6f8b11bacd98ab2d74b3162284fd355d54d2983fca7612e50dc2762e23d2e8d915c57b50c9cd09c544ae6845e99b27c78193e07f554425ff004663e6b274b29314300054c8747bcbeca7fcad4b1512227ad338e29e065ecc7ab21411251d04ad38caff0001afe2c4343b4ff1cd0716c0203d172167c970679bcaa4477ae0e2ce22e31e6a814d75d9b115d766c46c11f4d57558a6439fdba9da8d1d11cd49b00e62c8584ae2fadbb95d02b01da933a55939feec9afb9b2d68220b9074f54bb180200340b1978fecb05b3f329dab194d47c2751ae90ce275eecb624c798caf6e6a92c0ac27adce5ccaa4f7ab18b90ef7a98b8b16494d0e56e3aefaabafd0d765cd99db55d7b0ff001f9dcc4c42ab8f37c9643b0a541666fa6e245596feaa61ed73a9aa82e1b09b03ff0009b00d4fcaa43646e6a09548c5d1cdc1ba95f86b35d5a77a8ad6f1ae15d20a2db079da62acb5d7608de7618b3375570b466b13c7eedd7bac3730e7ced40c9e2e499b2a87cdd5eac5b1cbadd3b33ef7cb3636ead2af6c7eee0ff94297cac4b159b9d9e2f5605512552957e255dae6100755a20aa8190d49314834b1e03507cfc475ae4481cd5000711092bf8a25018744f98a12797f69621c05746da36d5ff0d175535ba2ae8cf4716f4f5bcd8a1a9063c5c69c5c98e6e44f14808b2756c4e70d4a11750e6cd375dd563ed3f7729fca164ea9a9ceeac3af8a83ab92e4973b348a07a1a3187eea591c19508813195b91205900ebfedaa4ff009c94c1d7c71f46aff8046c35b8d76245278bec077aa56102d31549dce97c5cc438bdd7c8ab22cce79a546a99f175639bf18fdd4b17f016072f9b8da13ad79a8c59111572510c58d593f9582ce235b04d0d682107f31acefe72d12b3227e7ff0017a117f5e7675d9d7ee1b0eeed8caf2ac0fcdcc92acd1c8e8cc974f360fd09a2e830dd2d701602caaacbb6c56166735c63a5ceba1a0baafc42e2ff00942cdd5375ac2d7259f37335b99705cf9ac8591d69069fd5470330bf92c11f05a53e0a8114e0cc66560d299030b246f72424c6714aecb24c28cf9c97173567693fe069b8cee81f962bea5c91d600b981994c6f281cf39b1daa0973a12f99815da16647e3019e935fc8f4a1c12512272354c15449396b06c42e5a8c5ceef60b9bea9945f89593f9f85fcab34dc93754b080d3566b95d5725725f0542724df7651ef14412343ab45a583c140260ed7025f9c456523595f27a560e45eaf45124d30073982914f29d97fe33165a334d7749b0d86948f8c23f454e943f20605ec0fefdebf6770d538647d35cfd6062275573ebd2e3174e31f13f0455c5a8b58ae22f1459756c2b646feeb9de8fddfe3fe16773cdc2b64e959b96b38ab3d95a1876a10f6dd78fe409104e5ef11662d92250ca0c3074b87bc5c053a4def52530d868060ccc027525d69961a010070148d56a976497fe3314669ad35de06b7baafc66b0d4a69420722708d12439c537227cd2eb5cf03609d05f601e9650bf0b61d1893b31567ad4ca7b0f908eb43c260df8b4a907b5993ab72ad954715ec66c4ee70bd18513ae95a1b0167f3b9aaa35ab210750e20c1ed2ae876a2f6343f375090ee90117121493e65749e197b327174eda897ac095d597eabf449b11659fb44d88d8de2c7d10eb59e97b2eb1d422792187a94a646133bc42f8907151daccf61c441cc477a73402780f3242dd23ba968f0924e065f61ae456fc2561aab7b8ad3c572c3debc547348bfca10f6dc3b5a9c2f772fa3dd7eb606243ce4875514d852588dc28cbd67b2a44d8484fca11eba51ad88fb6afaeaaea6d31f734a69bcf9ae4cfd60a95991162ba7c21e70fa48e94e879482381cfdec542902e7878275f759f8b028b3caf076af080604e8c68f46e3e7cd8179be7fcaa3ed4f0707fe31a7b8af8eac655c4683f34db9ac05c81171316249a2901e24f9c0f1404340e7ac025eb621c69b4d4355c7d56775ddd933f734a316677e864d9418fbc5f14c2cc1d78411a45c1c97d4203a3a92a0b0efa1eb075afd89b881c8a1af7975ad6660da95c20ebc15d2081012d23d0ea829703b064e355edeb4d2379a7ca629f0455143a7d129d6ba3f52c52a4ab2eed88d863ec69b4c519d8855f8c59945fb44d0d905a8550ba221bd6bd496668612175714e8c9444ac121d0028d925b0d88dd68f3650eeb1b2cbf7d5b2e6ccfd4628cec6b667e8a4da67ee89694d273623e9ab78b1561df56c9f49374dc11f61fa4c519da0ed446e9dac96669aee134284574a93623769951d961ab9aa7658aece9bba6c33b2ec69bac346770dc39b0588dd259c676d14d77d14374cec6744545d2ceca74ba6bad72a11566b667774fa266e9667601bab789b06fa3635dc269418a53d8487e2a48b278fca0515531e35be52c584fe4d5ae3aae2131f2a5fc9dfa052286f12f1521fa1ffb5063b715e93a13fba947f7ba7f977b98fcfb0b03de8cfc593f08752879c90fe9b946399a98c8ff0006a51452ebff00537ccc7f8262beb225250cd48fa3a7d5d7e911b4c599fa0c599a6b66767f21a9e853e8f8b02bbaff0054863df0e9f1679f1735d7cd897354b2b6429a56acd682eb5a99aa72de65e555626ce9758a72596314ff003321aa20e4700eff00ed5809a24961d891b3afd13eed1f619b31479a5ec1515f909a78156867a22ccd2c6d2aa4c559c154c066b3c358e06a8e1aef2bc9511d546c4255f86f8668930d43c562315cf15bc15bc9570ec2550503c5cb7f1b4c5596cc559765a3b267ead08779a33bc96668c592c02124eb7cf0e487eae8abb68c7dc835f59ee8b3b0f5a6cdd4ec2f25ed6467e4563fed547fb6c0ff007699c7cdab0fdea269f056e50ee97c9ee9a87e085aecb8e0450b5f73fe5d2ef5896cec4cd98dc59d97719d965d99a33b4c592aceda3ea3666cc59b33b8c599a961a656234aea6ce3675a9b0ecb156ccfd662cd89d891462afd021db57d062c964fa0c3667719de62cb65a512aa5efb96c59ad88dcb3565fb44d83658b33f55cd1db57d83ea31bcc599da628ef31667eab156775dcd6c454faead839a9c52a0bfffd9);
INSERT INTO `siswa` (`nis`, `nama`, `jenkel`, `tmplahir`, `tgllahir`, `alamat`, `telp`, `ayah`, `ibu`, `user`, `waktu`, `foto`) VALUES
('00004', 'Mubarok', 'L', 'Jakarta', '2008-09-28', 'Makmur', '08494593324', 'a', 'b', 'c', '2024-09-13 02:12:25', 0x89504e470d0a1a0a0000000d49484452000000e1000000e108060000003eb3d27a000000017352474200aece1ce90000200049444154785eed7d0b7453d795f63e57b22d3f6a0826989090779ce0bf655a9a47491f49578c49b108065abf322bc1ce9afc8b994cfe49a7ed34f95b2c9399cc6ae791693a6da69d14a5cd02198782093213846943f3070a492021fc641242c8400204b0c1c6b26559ba77665fdd635fcb9275efd1d595eef5b96bb190e4b3cf63effddd7df63efb9c43803f9c039c0359e500c96aebbc71ce01ce01e020e44ac03990650e7010665900bc79ce010e42ae039c0359e60007619605c09be71ce020e43ac03990650e7010665900bc79ce010e42ae039c0359e60007619605c09be71ce020e43ac03990650e7010665900bc79ce010e42ae039c0359e60007619605c09be71ce020e43ac03990650e7010665900bc79ce010e42ae039c0359e60007619605c09be71ce020e43ac03990650e7010665900bc79ce01db83f0c48913b58490120028922469441084a02449114992f20441c89724a94710848bd168b45f14c5a8d3e9cc078042428880ea118d46670a82e0922409cb22fd40341a0d0b82e0c4dfb05e4248310008f8f7b973e7fa082121bbaad6a54b97665dbc78b116c7470821a2289e26844404417088a29807001221244f1445070088822088a228860921615114b19ccc37e4bd288ac8e361fc9b24495100700982305d92a4cf28d58f00c0db575d75d55ebbf253e6a39d07870af3d7dffbde27ff6ff76ea1a0a0800e550697f24400c099800722824af91d3f27a2c5dff06f58078211820303e1ef3cfef8ee875b5aaaedcad71ddddd6f3cf8c0035fbca2bc3c9e476abed2e1d332c823fa59cd6f751d949fa3fc1e1e1e16be72d75dc22f7efef3cb0921e7edca535b835092a4d94d4d4da77d3e9f16f96951aa64f55c0480e9a8681deded6bea1a1afe4e4b83562cb3b1bdfd9dfa86864ae52515565e401438ea17572250261a723c10c795696a6a1a5cbf7efd351c8456d4169c174952795353d39904204ca43438ca78c549a420c9144eb6aa4f79bd5f7ba2b9f9558bb22c65b737b6b7efae6f68b833c90c22117dfc6c239e7f6aab192f03b1a9a929b47efdfa998490a1949db36801bb5bc2cb15106a7d2bb38a710000d0ef8467d6ad9bf5684bcb39d68a729daea3bdfdb5ba8686db758030ad213536369edfb061c31c4208fa87b67cec0ec2b2a6a6a6b33e9f2f9320a453325490b0a7a3e3339eba3afccd968f6209bf66d6e01a1b1b0f6ed8b0e18b8410c9ac36cd6ec7ee202c6d6a6aba906110aaa7aca18e8e8e92baba3a8cf4d9f2d9d8dede55dfd0b0c4acc1353636eef1f97c5f36abbd6cb4c341680cd77149c2255b428fa7d0e3f1a823aac6b49023b56cf4f99eaf6f6c7c5015edcc68cf1a1b1b8ff97cbe1b33da48962bb73b08a7353535f566d812a208a935c469e8e85a4896659b91e637fa7c4fd537363e6e22088ff87cbeff9591c1e448a57607e1675a5a5a2e7abdde4cfa846a51da1e84ededed7fd9d0d0f08c59fadbdcdcbcdbebf5de6d567bd968c7ee202c6e6969e9370184ea4569cc1ab1edb371e3c6c6fafafa0d660db0a5a5e5e575ebd67dc3acf6b2d18edd4158d0d2d232986110aad7c1108c98ae65db67e3c68db5f5f5f55b94014ebad06e04139a9b9bd779bdde878ca82b57ebb03b089d2d2d2d435eaf1753a5d48bc4c9168c59e54495712a8070697d7dfd4b4aba5ea2943f561ec6d3c9326a6e6efe67afd7fb5da32acdc57a6c0d4245881f78bdde6b94c5e54cbcb9a9259423a4922409765ed3eae8e828acababeb3761b15e06614b4bcb37d6ad5b17c845f018d527d341284952110060967c2100f40000a623d185d8f8fee077dca180d91218f440c1e06ff80f69d4160ddfcad4e2e1dfb18de0430f3df4c6ba75ebae57fd0d794703358913b88b8a00060759783cf89cd7dbf0d0aa553b95fed271e11415973066004019009402c0a8ef383c3c0c050505bfc34d092c8db2d04892444646466ecbcbcb1b06808f70c388aacf98908e7d2f1e1919b94ad98522389dce832fbef8a2585757774969539da8c0d28dc96828087ff5ab5ffdea09d495f8979b244994af580fcabc707878b8941052204912eecc08bb5c2e14248e8dea0e46af31bb09737d51b7b08efce1e1615192242c23151616fecee8c14c569fa92094240917cfcfbdf5d14790575c2c1c1d1e96a733371514c80cef8f46854f231128773ac5724912c27d7d70bca74716f4cdd7238e00defbf043fc4fbcaeac4ca6191e1e8e1c2f2b73953b9d50ea88b963478787658b57535c3cb86de54a2045882af9514f1b93464c85d9b36170d32628387a14865d889d499f718a5871e68c78f6ec59e1bab232c82f2d1587f2f2e476faa35150c6a6eea7fc12987be68cf8e3a79ffe7daddb5d95aa31a3fefe7220b0f6d1bff88bbf39397bb6bc03e4a68202791cfdd1a8f86924122e773a5de5921409f7f5398ff7e0bb12c2559595914db366454aeebbaf2412e37126a7a3b2bca4c14158fadbdf8a5dc120d5159c71603fc3178f1d73cd2929110b0a0a90c7e2f19e1e59276ebeee3a010811505786afb906c726d7d5178d8a672311a1dce91454ba22b3f496810159370ebef71ef49c3cd9525656e6358ad7a9ea311584e7ce9dbbb9f1fefb8f740702c8b4446fd1c9927b5161912e91e0e956195428f5943352b46b9753bae106880e0c84f155aed491745a2a4622e0282901c9e783d0f1e3000ab0533012dfb60874b1e0e8d1d0707737053ded733cf98444f14ebfff60addb7d6b2a8119f5f72d7e7fe772b77b5902394cea2f972e5800239b37233f0705a7d3455c2e410a8d6d9f24ca4b2bfeb754df715c89ea21c78e4506efb927dea7d7c2061c07fd47e59e8a2e5c71ebadf97b5e7ef98e993367ee4f55d8a8bf9b0ac24b972e5dbe7ce5cab3dd8100554e54c6f8e8228e2dd1969878e0503af5769a0974859b378bd18a0a211c0a25025e4230e6bb5c40f6ee85e1d75fd7c2e7b19789c30185870fc3d0abf2268ac9fc4ff5b453e6c196aeae83cb6b6a3031da94678bdf1f58ee762f521ac3fed071501ed22ca071a02cfcea5743f0c20baea1f399dfde877270bcffbe38b462856ce9e2dc08f58b8cfe3d9ee789663ba83754c726fc7dceedb7870e6ddf7ee3cc99333f314510666feaededed9d56d7d070b13b30ea67a7132851d3aa15450df050e1e6cdce68458533ac7a5bab049ad027749594006cd912b384da9e58fb0e8750ba6f1ff41f3840fb868aadb6beb436b5f06565efeceada585b53d3a0adb9f44b75fafdfe5ab7bb26419453cdbf092f9382aa2a109e7b6e60e8fc7979d748261f058430b46245aa975aa26e68d52db58b02307fbe20bdfd76be99bb364cb5847d7d7d33567eeb5b9f760702a898a92c207d5bc5bf0127f343d4535c99ae10a74e1515100e85e2db9b348ba6e0e041ad9670ac7f0e47a4f0f061e7d0abaf4e3aa55369cca8026cf1fb5f58ee76afcaa452abebeedcb66d6fedd2a56879e35d03359f267c2efcea57015e780186ce9f4f762a816143880321ad97f28cb63f1e4413f784c6d3a9fb3701a855d5d5e19d3b76e09125a625e16703843d2a4b6898c092558420942a2b2134805bfeb43d0c963056b1c3110be674776b6b4855aad3ef7fbad6edfeb66e4246822d5d5dfb97d7d4dca6979cfa84664c47510ee4c8116a09f576556bf9f12fccf9f323d2db6f23084ddbbf682a08cf9c3953fca70f3cd0af0261c6733a8b76ed020ccc247aa20303682127fc49a74f3846cf06423978d0e9f77b6add6ed38ec5e8f4fb7f57eb76df95e034814995d786201c37debc193322e19e1e3ce88bfa8e5ac1cc5cce54104a92e45cb478f1b0121dcdf87406b992370397e6263e23bdbd805672e8da6b0144759c04d55200d78e1d7a7cc2514ba8f884ba05b2b5abeb7bcb6a6afe4137212341a7dfdf55eb76dfab17848a4f88d351c696b59325998e6aaf80a1e4bc850b2347f6ec71d9763a8a0bc48b162f16154b680a082793433210a6331d650561a7dfffdd5ab7fb1f19f48689a4b3abeba5da9a9aa57a89a70008c5237bf6e499993861aa2544815755574bb90e42b484056fbea9353093ee7414e9c5ceaeae476b6b6a7ea61714ace53bbbbab6d4d6d4c8e787ea796c3c1d958334a50b1644fade7cb3c0ee201c51a2a35a43c87a744457d9649610a741c2b66d4cd35186c08c3c17eedcb6adb976e9d2dfe81a401a853bfdfe8e5ab77ba5dee9a88d4128bf0cf366cc08877b7a8aed0e42f409e554a96c3f938150c762fd384ba85aacd73a3cf965b4d5ef5fb6ccedc6dd09a63c5bfdfe1796b9dd7faab731d512855e52dde5b3e0138ab858ffc9be7d987f6acf250a653aaa066156ad61d2c00cae9eefdcc96409197cc21808b76fffcab2254b5ed3ada98c049d5d5deb6a6b6a9af592dbd0271ca78377dc75d7e01f5f79659a25a2a378b0ae928d4e33d4715d053fd35d0e38380cbe04958c7c5c641f5eb470e1d9ee3ffe117711e0f244c6972826533204212c5890b0c8c8ae5d10d9bd1b20750277ba96509e066de9eafae2f29a9ab7f48282b5fc56bfffe9656ef75fe9a5b7a9251c5d2bc4c5faae6ddbeaf3f3f37729bb77705700ee78c1ff51b7518fe90e1efc1db3c3f177bc6fe363bdfcc4f24c81996030b8e491471ee97aeff4e9f83693a53c8deeb97b73e54a51282b8bdfd5c0d2f7b469863a3ba1f0f87110c7eea990eb2ce8ed85e8b5d74270e64c7d6db0ad13ca20dcecf7ffc90ab7fbb0be06d94b6fedeafad1b29a9aefe87d119ae913d2d1159e38c136d0a79f86a179f30012ac05c75538aa9fa5870fbb3e3b6b16cd9bc5dff11fdd4aa3cecec1dfd1ad8aedf2b9e28af0ba75eb706943f7f9a84c201c1c1cfce67db5b5be240116f5a29b3af1560668c9a64d42f4d65bc765ccb371387daa90c703d0de9eb0229c760ddf74135ecba4bd217610c2d6fff88f5b967de31bef696f2cbd929d7effdfd5badddfd3bb1dc94c4b48472807cae40d30fa9ed0534f6999c98c65cce08e99603092e7f70b23bdbd935d7023bf38d52fb0aaeaea487720c074be102b08bf745f6dedab0a089371261e8c7239c50f0b8328663538836b81938110dc6e80b973758390c12794f9b265fbf61b972f59724c9f9ab197deb26ddb93cb972efd81de1accf409f5f66db4bc2040d1850b30f8eb5f6b0121258b25dbf7f70b7981008cf4f6c6e72163b9447795e0ef91aaeaeafc9d3b763858a2aa4c200c854215eefbee7baf3b10506f2342d0a57a5d45945d0d623814caaa3f980a84ac9690213a2a2bc1d6ad5baf5cb66cd92966c5d349b865db36cff2a54b5b75928115408896d3f9e9a77a411863457f3f282054b326590071f4f7aaeaea50772080a745e87e9840d8dfdf5fb6e29bdffcb83b1048b6ed3c7e17c1e8f7924d9bc2e15b6ec9577635642d38930a84ac9690619d509eda74bcfcf2e575f7dedbab5b828c045bbbba7eb0aca6e649bde4d9f009f5f671b4fc33cf68b58463562f1402c7ce9da1e8e9d3a8db34c641c116bfaf51b682687c4c07a12449058b162f46e4d34e680553a464d32667f8965be2b71631f39995301508592d212308a163e7cee9758b16f5b18e472f5da7dfff7f6bddeeb55608cce81d9b4e4ba8b6722108855c8e9d3b213a31e898ac1b7210c7749f100fd859b478715849c49e8c47ea3d5f72b9c2cd9b85684545241c0aa59abaeae5bdaef228a8f0f7bf0fe0f727a4c300c4d0673fabdb27649d8e6601846b6addee365d4cc3c8716c53af2909dc7afb365a5e106249f9da2ce1f859dbd874541d09a516109b4818b05140c8740502d374147ba2ca01d5c52bd5265b5d7499285cd4d70752df44e343a64d83415c233c73465fb30e07b006663a3a3a3e535757a77dd3a3be9e4d28bdc5ef7f68b9dbfd9cde6aac024286c04c8c15897dc2946caaaaae1eec0e04f0f436dd4fba20d49df152b2691328d351dd9d359a00a7a478b093fc7a733ac77d965e7dd5ac046ef94dac9ce769dabd862f6ddffea5fb962cd9adac7569666d36962834774e29a8733a3abefa984fa8673a2ad3670b8451c527d415e5cc251026136e3a5b99587dc2eddbb7bb962c598267809af26cd9b6ed9ee54b97ea3e02c0a68199319e5b1084ba008823b50208d3d959cfe013ca7ef3ef7ffffbc2af7ffdeb13b7f96708925bb76e2d5fb66c19a659e9f2cdad6009712b1af374941d8403dd81001e38adfb49673a8a9650370873c9274cca2df377d68bca0dbf781ab929cff6eddb4b972c59a23b1a6b059f500eba61aa9ab6c0cc787eb3fb84d601a1152c613ad351564bd8d1d1515067e25df71d1d1df9757575baa7bf5600e128aa5840180a419edf8f1933ba5e8655d5d51c84ba38a6a1b0bc95e9edb701f2f565d715bff61a048fe9ca3e93835b8140a069d1a24589125969063f4e1bd57770201d260bd3d90cddbd82a3c3df31e99526bed2ec7ffc1f77bb886d6d6d92c7e3d191181b635af10d3780b86b574e2f516429308307984dd3a05a138aa4331da53be475b56b054b883e05ae33e11206cb9368d923453d91da03079c570d0d5dec1b1c44d4e352050204d79d3073037fa3a795ab77aac467266133347102cbd1c387917ef4c4f2694545a7ff100c961faaaec6df75f984b87c13292f4f784a1d0baf3242a36f9d707c17d87dc2ac80d0be3ea1accabadddd84fa94af58d270380cf819974242ca8d4faea222f973e18c1930f4a31f013cfb6c46743261a50f3f0c854f3c0143cab48bf605cb26fb3c5a4ffce974e6f55a5b4be90466d87c425159a2e081196d12cabd52720add4f7e623a085ddffeb6ae4391738f73897b94d674742a80d012d35193b58d8330430c670ccc302cd6a325c4e9e8652c2349c727649a8e72104e14535640f8c003e07ae2096e09e3c5c1e6138a558b17f776efd8713907210b077280262b207cf861b0eb749406d698d609d99728f0a2a3d92cea64ba25b4c4623d0b27d3a0e1204c83798948cd0fcc60eee8e9ee40600ecb484c07219f8ee6c874d4c69630adc00cbb253cd91d085ccd41c8c2811ca0c98a25b4b14f382a52f3023350b568d17f75efdc792d8b3a714bc8c2358369b202421b5bc22c25707fd21d085cc5a21aa68390fb847c3acaa2a87a68b294c06d9de928072107a11e40b196c594439d471ec69a625bacc7c08c754088819981ebaf9f7831272bb76d409795e9a88d7dc27403330c8bf5d6f109f1d65ce773cfc9f73f48a11010e59e07fc8c0ffd8e9fe9dfe9dfe47ccb5ccf59647c21c820c4d3a27f63dacd68005601a1208ce6dc26d31135dbf10a74474909c857a1fff8c75a8f3c1cab826db1de3a209447ba7a35b8aed61fc90d2d5a144baad609c4bdb366c1fe62a6f3779820f5d6b973e01dd0775e13bd024cece981a8208043e718593a2a949541b4a222e77743e00e7971ff7e9621eabf550b5b990a4b14c52b5640b0a424c6d4b072ae917acf1efe16f7bd381c86e0134f3081f08379f3e086227aff0c932c7511bdf8ce3b5047c7a583128168f623ef3ecfe5475974273ffb993e9da16362e1e954f00965109697eb3bcf1395e5d1476d0dc25cc642d6fa964ee60b6ba759a7a3d5d55959a2c04dbd5a4fde1e65092b088b1e7c10062fbb4cf774d42a969055676c4d6725102e5e7c3e1b09dca682905b425bc32df1e0380827177a55753507610216b1fa84531062a9879c0d10b2fa8459b484bace2741aeb34e47b9254cadb3b62b910d10b24647b30442a64dbdac20e43ea1ed20967a40590221d3623d07617279f2c04c6a5dcfd9121c84297d42532d219f8ee62c5432d7b16c80d0623e2107210fcc640e80583307614a4b2829b73261413c8456cb9df562f18a1542b0bc5c846854fbc19ea110709f30b3fa9e93b59b0342f5f57e22a6ad3976ee14e26eea4d74c8b29a65e1aaea6abc34d7bc73472549228b162f8e28208c071f9ef48cbfa9cf8f1fbd135c1598c1325836f539f31c843989918c77ca1c10e23030d9177329118482eacefa64f76f525052038477d69b7f17c51d77df2ded7be515da497a343b0515828e5e318c65303152bedb1bdcee30cc9d9b1a786a0907833c6d2de31a9fd9063037164f1fd7f3e0ae1a72ec18dbbe406cc8e1d0dadc98a5435d8bed66a15708a0de62c7e9cc4d9d25867458ce75c75d77f5efdbbddbdcbb283a3a3abe78e6e38f4b84fcfcc3a2280ecc9e3d3b72e4c811bc88043c1e8ffa4d01bff8c52ff05213080583eedf06029bff70ea94581a1388a62969ff810350b46b17d31d08acd1d14d172ec0bff5f76b15e268b957710b4dae2746eb1e559a04d4a2edde0d0573e702397f5eae30326b96fcbff3ec59f97f69e6ccd15d2458867e8fecdba7bf03cad5e51a09472d5eff9c3983ff78efbd9557cf9af5715d5d5dc20b733c1e8f70c5155738f24f9f7684afb8428846a3050e97abe27fb7b4307474ec461f8d7d4daf98328d15bb0301ad3ee458836fbc01a3c716e8e8062b08fff5830fe02f192f84d1d1bd2951946ed51aeaec1cbfbf8fbeace86e87f8efe97007ada0b6bb3d280065f768f69c39f9674e9d623ef685a5cba636861dacaaaea6011d7df7dd7310b2c837276892823093bdd30ec271bd98b77061e4ddbd7be5999b594f364038d41d08e8df3cc74168964e18de8e0540380800b8e934a280b0d070264c526136408896509f15c40170109aa91786b695e320544f4701e6cf17e1d021db5b42a6cb4539080dc585a995e53808c7f362fefc101c3a647b4bc841682a04b2df98954058555d1dea0e04380813aa0d9f8e661f4d8c3db0120861fefc0138748829f385913d900d9f905b4256695994ce4a209c73fbed174feddfcf74d927ab78380893708eaf13b2aad4443a8b80500ed0ccbbf3cef3efeed9c374d9272bc738083908597547339d954038e7f6db3f3db57f3fd3659f9a1912579083908390557734d359048498f7ec84cf7dee34bcf30ed3659f9a19c241a88d557c3aaa8d4f5a4a590984d3162cf8a4efc001a62bceb4f02251996c5842cc98c15d149a92b7473bfdc61b508809be3a8e98c7446a9e3bcaaa1ac6d1e53808c72dd6cfbbf3cedea9e0133281d0f5f77f2f67d5eb793013bf71f972f8fce5fafdecd7ce9c818ea1213dcdf1b2493890e320a4bd9677fecc5bb8f0e2bb7bf79699294ceb58c2871f962febd0fbc83bf2a7316df3d2db142f6f0310c2fcf9fd70e890ed9728982c21dee604d184dbbb922b7f1a3bf239a28ce380452ca13ce0bc1933fa477a7b4d7d6b67c3120e2b3ea13e297310eae3570e95b612082b2b2b078f1c3962de5d7a782fa7d9b2aaaaaee620349be9596ecf02201cddd5535959193a72e488ed7347d520d4bea5895bc22c4389bd792b8170fad557872f9e3851c03e5afd94d9b6841c84fa6566390a2b81306fc68cc8486fafedf713aa37f5c6b214624ffcd98ee301ca2da1e5c0473b6c2208a93e85c1e1c8d778c68c9aaf918a9b6e8abc7ff4a8eda7a3c1ee4040cffdd531c6ae5e8d0706abcf38550338b182f2e8684e0037c320a467da8ed787d81933a97524f6f2c7c411b9ec54f109a925a46795c61f46494f621b7f0b30b784390128964e641884d82535d86207f9ea3be889d28b959595e1a916984926d3785f3102ab5747201aa5074421d3f099fc34596e09593063388d89201c03a3c33108cf3e8bfa922a3d327628b56211f366cc8091de5e536325a63686d2adaaaec68b64f0233da19bfe4f7f8b57821820639650fdc643e64d9e83ca416838a0582acc30082988c6f976e0703853f884ea03aaa90e464a172c10fb0f1cb0af4fa8bac3420dc0c9e44a2d621856afce573266e83436d51b4e4e7363bd488645d9384d620e64188434a847e305319d7138c2f0ecb3eae3ebb588479cb77061f8ddbd7bed0b42e4c217bef0859e83070f6260865a313ab58c67d2f833ff57afa6a08b8fa826076330c841a845f5325c266d10eabb5362ec051f3b813b917e8d8f378c957156dc7aebfbefbff1c6cd1966c9b8ea4d9f8ea2356c6b6b93db6d6d6d950821f2fd15ea8796a9acac94cb9d3c7bf6e1bffee52f7f0e575f4d998a6fb89491af02bce6eaf1c741bcf24a08e9d80265a600a6425b69811093f67b7b53b1491d438805f64e9c70fec39ffdd9d7bff3c823bbe389a9fee1ef54c78e5fba54240e0f3ba7171717ad7ef0c14f523568e4df4d07611a9d47b06a5fdc571a2adcbc19a4ca4a0ec234189f2e695a20c44b79dadbb57421916e5842bf2dd14959024545120c0e3281305a51c16f4ad2a2c6192a631208d5bd17a1a808607050f3dd68191abaa66a390835b189174a87032680307e3a8a2f6d410a061d849071d7f4a5338e4cd17210668ab3bcde510e9800426c4b7d4c858096500a06f3092123b92e8a290142ee1366570d330cc2c42e4a51912805832e0e422365cf7d4223b9696a5d590261580a064b0921c3a60e96a1b129610979608641330c24c93008694fc767c0c42ce17442c82503879291aa380833c2565ea99a032681703cd363202c23845ccc75694c0910729f30bb6a681208c7fb863110ce2284f46477f4a95be7204ccd235e224d0e9804c244969083304dd9c533952fd61bca50f32acb3008e3a3a3b1efb1258a99dc121a29671e1d35929be6d6250850f8d14730d4d909e0a25b4235762175da1a07a14656a65f8c83307d1e1a54035a36c139f97e6a7553048177e040a64198c827bc9c109232fbdb20b63057c37d4266d64d5dc2c21327740f5eece981e1d75fd74d07a92d21ad930766f473572705b7843a19667c71b480ce4f3f85c17fff7780810128cecf87607e3e1487c3100c8747bfcb2d2b5bc76819282d65eb101b0831811b73473130738ead61f3a8a68425e48bf50629942040d1850b30f8eb5febf7ed58bba00d84138fcb8c81f00a42c819d6a6cda2e320348bd37668277741a89e92e2671a1d9d4b08f938d7593f2540c817eb8d51c3d1e9686e5ac2f1c79cc49628ae23847c64cce833570b0761e6786bbb9a2d0442ea13de48083996eb82981220e43ea1416a98bbd3d1896b85319f905b4283441fab8647470d65275365b90bc289c3894d47af26849c641aab894453c212729fd0188dcad1e968b24dbd08421e983146f44a2d6958420e42632491a3204c3cb89825bc8610a23fb3c0187669ae654a5842ee136ad687c90be6ee7474e2dd2545454eee131a24f7d16ad2b0841c840609237741a85e278c2d55c4f613de4408f9d0a0d167ac1a6e0933c65a1b566c2d1046a460b08210723cd725617b1016edda05d20d374054e731f8e1701840ccf9232bd9f54b10203f1faf03d1fee0ce09e1934f72316d2d5174948350bb6835964c633a4aa64d1b6d44eaeb933fd3df127d7788220c5c7badc68e59b09862d1b0e7c9f8918c47e2fefd103a6ea271d1963b9a0884381d454bc817eb0d53514610424303e8cee00f85a0b0b616ecea4b629453dcb70f22bb779b9788cdaa08a94138d9b9a33713423e606dda2c3adb4f4739085b16c7c900000a624944415427aa52e1cc9920bdf61a8476ecb00308e307488fb7404b780b21e4a85960626d87833011e76c6e09219de32658358d952eb5254c06425c27444bf83e6bd366d171104e4110ba4a4a00de7cd3ae963026d1d862fd3c42c87f9a0526d6763808a728089d870fc3c04b2fd9653a3afe32981808313a7a2b21e46d56709845c74138054188d351d7bbefdad1128e05696296f03642c81b668189b51d0ec22908421b0766c62c626c2bd39d8490bdace0308b8e83700a82d0c6819978107e9910b2c72c30b1b6c34138054168e3c04cfc74f44b84907dace0308b8e839083d02c5d636b47db1245a2c00cfa845f2084bcc5d6b079541c84531084381d2df9f0433b45472300408f04572fd6cf2784fc7ff3e0c4d61207e11404a10da7a36100a0d9e83140c6a2a395849077d9a0611e95554198385f3011dfd2cd1dc5dd14367b70f784e3fdf7d9ee86309b17a9a7a36a5d50fb8498b6868bf53c63c63099c512b8f557c702420028b8ed36705c7fbdfef62c4211fee823bb2470ab391e1f98e196d0507d34731705ed782864e81072ae32bdd794656300a92d61a25ed17347ff841072281bddd6d3269f8eeae1162f6b3e07b48130d9b9a33c63c65089993c1d35b4efbc32760ea407c28584903fb2376e0ea5d52ca17eae30fa84fa1be21419e1803e10f28c998c0881563ade27541ffe32fe2290f84e701066542c19af9c0d84742b134f5b3354407c3a6a283b2d53993e108e2ddac7d60939080d15740c8413176501265b3314a1a141d07dc68ca11de795a5c5811808d5325667c7d0aa1365cc2008bf4208792dadf64d20b6b24f984c18c8369ac2044c67cc98c078de84460e8c811009e25d8fc40bf5f8628e59420421dfcaa491d5a98b15158dc0e0e018b86214131377e37fe33e616adee67289fe7e11dadb117cf8d2c5ffe33f4f76dada02beb3de48e18e0566b0561408e60a52c1a020e2011a03299f8e1a2905f3eb4aec134ebc7b22267ffc3da61bfc8c196365254992408a8ba329d2d6d4d353fa9983d05851985f5b7f7f18dadb931d154ee59cc8270c4bc1e0e778eea841229324a99c14179f5202332ee56da7ae1ddf82897c44ee131a2483ac55333e3083968e06e7d4fe21b58c632fdf9825c4b4b5c359ebbbc6862d11989124092f7b54df33972c22aa8e9e0e0040891c98b9ec32806854234b78b19ce180c30170e102464763b28c3d13addef8f8c068ac4092247e53af51c2942489dc7cdb6d47a7979480d3e5c268574802b884ff13491224424401a01424694422a41c24e94a20447002ccffc3f4e9a5a0f3e213b9df56486e368ac166d5c392101f0e8b775dbcb8614492de0241f82f291a0d81c3314310c52251104a08c0654492ca24801b01e0732049f94088eb425f9ff3c89e3dc584909cdf8b66094bc8aa23922415b4b4b49cf17abdd3e3ea4814551d57a4a0aa0a866fba895b5056e6abe91c0e28387a1486bbbb75d7d6dcdcbcc7ebf57e592b21c60ff0be1f0cd2104224ad74d92c676b1022631b1b1b7b7c3e1f8230910f9194f71c8406aa651a206c6c6cfc8ecfe7fb27037b9373554d05105ef0f97ca57a41086e37c0dcb9dc121aa1b2e8db9d3c09e0f7ebaeada1a1e15bededed9b74135a88602a80f092cfe7a34ebd66d1704ba89955a90ba601c2c6c6c67a9fcfd791ba11eb96b03d089b9a9a821b366c28d22d226e0975b32c29411a20acafaf5fbc71e3c680719dc9bd9a6c0fc2c6c646b4841484d42f4c7d501407a171da9a9e4f78b7cfe7db6d5c6772af26db835065099325fb26960a07a171da9a8625bcfffefb97ae5fbf5ebf33695cef335e93ed41d8d8d838ecf3f9e2d39e525a42ee131aa87b6980b0a9a969e5860d1b361bd89b9cabcad620c435a396969621afd79b0a84f1fb140570bb05983b3702d168a2c4f09c13640e774804874380932745f0fbd11da02f4035cfb1fb094f4b58b56ad543cf3ffffcba1c1e5fda5d9b0a200c2a2054efb448be0f8dae27badd22cc9d2bf074b7b4750cc0e108c3c993f9e0f7d394b37800266d64d5aa55df7ffef9e77f64402f72b60abb83d0d9d2d232e2f57ae305109fec4d4189a70b6382385a42be4e688cdaca96b0e0e85171b8bb1b2d211ee68a3c4e99b584cd373737fbbc5e6f93315dc9cd5aec0ec2bc9696968b5eaf37d912052a02b590e31383f974d4388d75382270f2a4336eb11ef98dcfa4d3fde6e6e6dd5eaff76ee33a937b35d91d846809d127a45b9de86660ba5441a7455421c6766ebbdd4e9e316388c246c0e1702ab9a3c9a6a1d41f9c707c457373f38b5eafb7c1909ee46825b60621f27c4d5b5bf76f5e79a5a25c14afbc74ee9c706a6000a79c91ebcaca3058237cd8d32392d87767feb469a14f09116fcccbcb7f55144b9ca5a591607ebe73741706bd1c86eeca505f1613ff5bb2efd8a964f5b0d48bf565ab6df5ee94e46392a79d05a74e453e3f32d21beeef1f3aded3538c1650e67969a9f0def1e3323c94efce3382209e8d44c22897efde738fbfcde3b93f47f16348b76c0f42162ee1d6a99ffccbbfbcf2578f3df63599be4899cdaa2fa4c1df527d475a23cac4d76154bd5aea31a26d0078fae9a71f7aecb1c76c1de564d135a4e1204cc2b9356d6d356b5b5b6dbd48ccaa340c74e1356d6d2d6b5b5bd733d0da9e84833089887fb876ed1d4fae5993f3f718584443c51fae5dbbfac9356b7e6991fe9ada4d0ec224ecf6783c951e8fe74d259c6eaa506cd698ec13b67a3c3f6ef378fec666633364381c8449d8f883279fbce16f7ff8c3ff4c154237440af6af042d61e7936bd6acb4ff50f58f90833039086f5640a89fab9c229e0391568fe7e76d1ecfffe1ac99c8010ec2e4d3d1cf2bd3d1c96f7de25aa58503e29ab6b627d6b6b6da3afd4c0b231295e1204c0ec22f793c1ebc4c84839055bb6274d427dc60f7f53e563671104e0ec29cbf4c8455f026d3a125dcb5b6b5b5dae4762dd11c076172102ef0783caf734b688c1eaf696b7b726d6beb1a636ab3572d1c8449e4d9dadafa95b6b6363c5641eb9118da6f0fd6a643c9f229b5518fedcf33733a9da8cff26fad1ecff36d1ecf435a3b3f95ca71106a07617cc954a053efd048d44aba20d3aba7996a4f53bd6bdadabad6b6b6baf5767a2a94e720d4171d9d4ce1d4a0c45ab55aa0c98eda48790c87094a3ad9cb2655df47f9d0eaf1f0c04c126171102661cc33cf3c73f94f7ffad35525252565ca823deebac8972409ef37984608299124c9a1900f63aab6f20fb7eba86f9fa165c6811293c491961082d9e158264ff987ed8cca851092f0261b49926470e0dfb12e428853e90fd23b94ef58cf08f64792a4885297fc3f7ec7df092193be2cb04e5a86f65969971e318ff58f489234f43fb34efc0ddb47de5c260842b12449f9c18181bcd57ffee74f3df6d863cf99f0d2b05c131c84961319efb0dd38c041683789f2f1588e031c84961319efb0dd38c041683789f2f1588e031c84961319efb0dd38c041683789f2f1588e031c84961319efb0dd38c041683789f2f1588e031c84961319efb0dd38c041683789f2f1588e031c84961319efb0dd38c041683789f2f1588e031c84961319efb0dd38c041683789f2f1588e031c84961319efb0dd38c041683789f2f1588e031c84961319efb0dd38c041683789f2f1588e031c84961319efb0dd38c041683789f2f1588e031c84961319efb0dd38f0df7799cc2cace10a660000000049454e44ae426082),
('00005', 'a', 'P', 'a', '2024-11-01', 'a', 'a', 'a', '4', 'a', '2024-11-01 00:22:50', 0x2f686f6d652f72696671692f446f776e6c6f6164732f61626f75742e706e67),
('00006', 'asd', 'L', 'asd', '2024-11-01', 'asd', 'asd', 'ads', 'asd', 'asd', '2024-11-01 00:26:02', ''),
('00007', 'f', 'L', 'f', '2024-11-01', 'f', 'f', 'f', 'f', 'f', '2024-11-01 00:36:49', 0x2f686f6d652f72696671692f446f776e6c6f6164732f312e706e67),
('00008', 'a', 'L', 'J', '2024-11-22', 'a', 'a', 'a', 'a', 'a', '2024-11-01 00:40:32', 0x2f686f6d652f72696671692f446f776e6c6f6164732f626f782e6a7067),
('00009', 'abc', 'L', 'asd', '2024-11-22', 'sdsad', 'asdsadsad', 'asdsa', 'asdsad', 's', '2024-11-01 01:42:59', NULL);

-- --------------------------------------------------------

--
-- Structure for view `cabekaView`
--
DROP TABLE IF EXISTS `cabekaView`;

CREATE ALGORITHM=UNDEFINED DEFINER=`root`@`localhost` SQL SECURITY DEFINER VIEW `cabekaView`  AS SELECT `c`.`nis` AS `nis`, `c`.`tgl` AS `tgl`, `c`.`permasalahan` AS `permasalahan`, `c`.`solusi` AS `solusi`, `c`.`kehadiran` AS `kehadiran`, `c`.`petugasBK` AS `petugasBK`, `s`.`nama` AS `namaSiswa`, `g`.`nama` AS `namaGuru` FROM ((`cabeka` `c` left join `siswa` `s` on(`c`.`nis` = `s`.`nis`)) left join `guru` `g` on(`c`.`petugasBK` = `g`.`nik`)) ;

-- --------------------------------------------------------

--
-- Structure for view `nilaidanmapel`
--
DROP TABLE IF EXISTS `nilaidanmapel`;

CREATE ALGORITHM=MERGE DEFINER=`root`@`localhost` SQL SECURITY DEFINER VIEW `nilaidanmapel`  AS SELECT `nilai`.`nis` AS `nis`, `nilai`.`semester` AS `semester`, `nilai`.`kodemapel` AS `kodemapel`, `nilai`.`nilai` AS `nilai` FROM `nilai` ;

-- --------------------------------------------------------

--
-- Structure for view `nilaiview`
--
DROP TABLE IF EXISTS `nilaiview`;

CREATE ALGORITHM=UNDEFINED DEFINER=`root`@`localhost` SQL SECURITY DEFINER VIEW `nilaiview`  AS SELECT `n`.`nis` AS `nis`, `s`.`nama` AS `nama`, `n`.`semester` AS `semester`, `n`.`nilai` AS `nilai`, `n`.`kodemapel` AS `kodemapel`, `m`.`mapel` AS `mapel`, `n`.`kodeGuru` AS `kodeGuru`, `g`.`nama` AS `Pengampu` FROM (((`nilai` `n` join `siswa` `s`) join `guru` `g`) join `matapelajaran` `m`) WHERE `s`.`nis` = `n`.`nis` AND `g`.`nik` = `n`.`kodeGuru` AND `m`.`kode` = `n`.`kodemapel` ;

--
-- Indexes for dumped tables
--

--
-- Indexes for table `cabeka`
--
ALTER TABLE `cabeka`
  ADD PRIMARY KEY (`nis`,`tgl`),
  ADD KEY `petugasBK` (`petugasBK`);

--
-- Indexes for table `guru`
--
ALTER TABLE `guru`
  ADD PRIMARY KEY (`nik`);

--
-- Indexes for table `jurusan`
--
ALTER TABLE `jurusan`
  ADD PRIMARY KEY (`kdJurusan`),
  ADD KEY `kdKajur` (`kdKajur`);

--
-- Indexes for table `matapelajaran`
--
ALTER TABLE `matapelajaran`
  ADD PRIMARY KEY (`kode`);

--
-- Indexes for table `nilai`
--
ALTER TABLE `nilai`
  ADD PRIMARY KEY (`nis`,`semester`,`kodemapel`),
  ADD KEY `kodemapel` (`kodemapel`),
  ADD KEY `kodeGuru` (`kodeGuru`);

--
-- Indexes for table `siswa`
--
ALTER TABLE `siswa`
  ADD PRIMARY KEY (`nis`);

--
-- Constraints for dumped tables
--

--
-- Constraints for table `cabeka`
--
ALTER TABLE `cabeka`
  ADD CONSTRAINT `cabeka_ibfk_1` FOREIGN KEY (`nis`) REFERENCES `siswa` (`nis`),
  ADD CONSTRAINT `cabeka_ibfk_2` FOREIGN KEY (`petugasBK`) REFERENCES `guru` (`nik`);

--
-- Constraints for table `jurusan`
--
ALTER TABLE `jurusan`
  ADD CONSTRAINT `jurusan_ibfk_1` FOREIGN KEY (`kdKajur`) REFERENCES `guru` (`nik`);

--
-- Constraints for table `nilai`
--
ALTER TABLE `nilai`
  ADD CONSTRAINT `nilai_ibfk_1` FOREIGN KEY (`nis`) REFERENCES `siswa` (`nis`),
  ADD CONSTRAINT `nilai_ibfk_2` FOREIGN KEY (`kodemapel`) REFERENCES `matapelajaran` (`kode`),
  ADD CONSTRAINT `nilai_ibfk_3` FOREIGN KEY (`kodeGuru`) REFERENCES `guru` (`nik`);
COMMIT;

/*!40101 SET CHARACTER_SET_CLIENT=@OLD_CHARACTER_SET_CLIENT */;
/*!40101 SET CHARACTER_SET_RESULTS=@OLD_CHARACTER_SET_RESULTS */;
/*!40101 SET COLLATION_CONNECTION=@OLD_COLLATION_CONNECTION */;
